building_id;name_de;name_en;name_de_status;era;category;dlc;is_buildable;is_module;blueprint_cost_usd;construction_cost_usd;power_mw;power_note;jobs;education;job_quality;service_quality;visitors_capacity;households;housing_quality;minimum_wealth;road_required;size;beauty;unlock_building;special_notes;data_status;source_url;source_line_range;recipe_rows;known_recipe_rows;known_modes;known_upgrade_rows;known_budget_rows;research_coverage
dock;Hafen;Dock;"aus deutscher Benennungsliste; nicht vollständig gegen aktuelle Spiel-Lokalisierungsdateien geprüft";Kolonialzeit;Verkehr und Infrastruktur;Grundspiel;Ja;Nein;;9600;;;6;Ungebildet;;;;;;;Ja;6x15, Küste;;;;verified_wiki_table;https://tropico.fandom.com/wiki/Buildings_(Tropico_6);L143-L185;0;0;;0;0;nur statische Gebäudetabelle
construction_office;Bauunternehmen;Construction Office;"aus deutscher Benennungsliste; nicht vollständig gegen aktuelle Spiel-Lokalisierungsdateien geprüft";Kolonialzeit;Verkehr und Infrastruktur;Grundspiel;Ja;Nein;;2000;;;6;Ungebildet;;;;;;;Ja;3x2;;;;verified_wiki_table;https://tropico.fandom.com/wiki/Buildings_(Tropico_6);L143-L185;0;0;;0;0;nur statische Gebäudetabelle
teamsters_office;Fuhrunternehmen;Teamster's Office;"aus deutscher Benennungsliste; nicht vollständig gegen aktuelle Spiel-Lokalisierungsdateien geprüft";Kolonialzeit;Verkehr und Infrastruktur;Grundspiel;Ja;Nein;;2000;;;6;Ungebildet;;;;;;;Ja;2x3;;;;verified_wiki_table;https://tropico.fandom.com/wiki/Buildings_(Tropico_6);L143-L185;0;0;;0;0;nur statische Gebäudetabelle
landing;Anlegestelle;Landing;"aus deutscher Benennungsliste; nicht vollständig gegen aktuelle Spiel-Lokalisierungsdateien geprüft";Kolonialzeit;Verkehr und Infrastruktur;Grundspiel;Ja;Nein;;300;;;;;;;;;;;Nein;2x5, Küste;;;;verified_wiki_table;https://tropico.fandom.com/wiki/Buildings_(Tropico_6);L143-L185;0;0;;0;0;nur statische Gebäudetabelle
teamster_port;Fuhrhafen;Teamster Port;"aus deutscher Benennungsliste; nicht vollständig gegen aktuelle Spiel-Lokalisierungsdateien geprüft";Kolonialzeit;Verkehr und Infrastruktur;Grundspiel;Ja;Nein;;1700;;;6;Ungebildet;;;;;;;Ja;2x5, Küste;;;;verified_wiki_table;https://tropico.fandom.com/wiki/Buildings_(Tropico_6);L143-L185;0;0;;0;0;nur statische Gebäudetabelle
warehouse;Lagerhaus;Warehouse;"aus deutscher Benennungsliste; nicht vollständig gegen aktuelle Spiel-Lokalisierungsdateien geprüft";Kolonialzeit;Verkehr und Infrastruktur;Grundspiel;Ja;Nein;;4000;;;;;;;;;;;Ja;3x3;;;;verified_wiki_table;https://tropico.fandom.com/wiki/Buildings_(Tropico_6);L143-L185;0;0;;0;0;nur statische Gebäudetabelle
trading_post;Handelsposten;Trading Post;"aus deutscher Benennungsliste; nicht vollständig gegen aktuelle Spiel-Lokalisierungsdateien geprüft";Kolonialzeit;Verkehr und Infrastruktur;Grundspiel;Ja;Nein;500;1500;;;;;;;;;;;Ja;2x2;;;;verified_wiki_table;https://tropico.fandom.com/wiki/Buildings_(Tropico_6);L143-L185;0;0;;0;0;nur statische Gebäudetabelle
lighthouse;Leuchtturm;Lighthouse;"aus deutscher Benennungsliste; nicht vollständig gegen aktuelle Spiel-Lokalisierungsdateien geprüft";Kolonialzeit;Verkehr und Infrastruktur;Tropican Shores;Ja;Nein;1500;6000;;;1;Ungebildet;;;;;;;Nein;2x2, Wasser;;;;verified_wiki_table;https://tropico.fandom.com/wiki/Buildings_(Tropico_6);L143-L185;0;0;;0;0;nur statische Gebäudetabelle
artificial_coral_reef;Künstliches Korallenriff;Artificial Coral Reef;"aus deutscher Benennungsliste; nicht vollständig gegen aktuelle Spiel-Lokalisierungsdateien geprüft";Kolonialzeit;Verkehr und Infrastruktur;Tropican Shores;Ja;Nein;1250;5000;;;;;;;;;;;Nein;6x5, Wasser;;;;verified_wiki_table;https://tropico.fandom.com/wiki/Buildings_(Tropico_6);L143-L185;0;0;;0;0;nur statische Gebäudetabelle
coconut_harvester;Kokosnussernter;Coconut Harvester;"aus deutscher Benennungsliste; nicht vollständig gegen aktuelle Spiel-Lokalisierungsdateien geprüft";Kolonialzeit;Nahrung und Rohstoffe;Grundspiel;Ja;Nein;;800;;;6;Ungebildet;;;;;;;;3x2;;;;verified_wiki_table;https://tropico.fandom.com/wiki/Buildings_(Tropico_6);L187-L209;1;0;;0;0;nur statische Gebäudetabelle
logging_camp;Holzfällerlager;Logging Camp;"aus deutscher Benennungsliste; nicht vollständig gegen aktuelle Spiel-Lokalisierungsdateien geprüft";Kolonialzeit;Nahrung und Rohstoffe;Grundspiel;Ja;Nein;;750;;;6;Ungebildet;;;;;;;;3x2;;;;verified_wiki_table;https://tropico.fandom.com/wiki/Buildings_(Tropico_6);L187-L209;1;0;;0;0;nur statische Gebäudetabelle
fishermens_wharf;Fischereihafen;Fishermen's Wharf;"aus deutscher Benennungsliste; nicht vollständig gegen aktuelle Spiel-Lokalisierungsdateien geprüft";Kolonialzeit;Nahrung und Rohstoffe;Grundspiel;Ja;Nein;;1200;;;5;Ungebildet;;;;;;;;5x6, Küste;;;;verified_wiki_table;https://tropico.fandom.com/wiki/Buildings_(Tropico_6);L187-L209;1;0;;0;0;nur statische Gebäudetabelle
plantation;Plantage;Plantation;"aus deutscher Benennungsliste; nicht vollständig gegen aktuelle Spiel-Lokalisierungsdateien geprüft";Kolonialzeit;Nahrung und Rohstoffe;Grundspiel;Ja;Nein;;1500;;;8;Ungebildet;;;;;;;;3x5 bis 6x9;;;;verified_wiki_table;https://tropico.fandom.com/wiki/Buildings_(Tropico_6);L187-L209;9;9;Mais | Banane | Ananas | Zucker | Kakao | Tabak | Kaffee | Baumwolle | Gummi;0;0;teilweise bis gut
manure_spreader;Miststreuer;Manure Spreader;"aus deutscher Benennungsliste; nicht vollständig gegen aktuelle Spiel-Lokalisierungsdateien geprüft";Kolonialzeit;Nahrung und Rohstoffe;Grundspiel;Ja;Nein;;300;;;3;Ungebildet;;;;;;;;1x2;;;;verified_wiki_table;https://tropico.fandom.com/wiki/Buildings_(Tropico_6);L187-L209;0;0;;0;0;nur statische Gebäudetabelle
ranch;Ranch;Ranch;"aus deutscher Benennungsliste; nicht vollständig gegen aktuelle Spiel-Lokalisierungsdateien geprüft";Kolonialzeit;Nahrung und Rohstoffe;Grundspiel;Ja;Nein;;900;;;4;Ungebildet;;;;;;;;4x4;;;;verified_wiki_table;https://tropico.fandom.com/wiki/Buildings_(Tropico_6);L187-L209;8;8;Rinder (Fleischschwerpunkt) | Rinder (Häuteschwerpunkt) | Schafe (Wollschwerpunkt) | Schafe (Milchschwerpunkt) | Krokodile | Schweine | Lamas | Ziegen;0;0;teilweise bis gut
mine;Mine;Mine;"aus deutscher Benennungsliste; nicht vollständig gegen aktuelle Spiel-Lokalisierungsdateien geprüft";Kolonialzeit;Nahrung und Rohstoffe;Grundspiel;Ja;Nein;;1200;;;5;Ungebildet;;;;;;;;3x4;;;;verified_wiki_table;https://tropico.fandom.com/wiki/Buildings_(Tropico_6);L187-L209;6;6;Kohle | Eisen | Gold | Uran | Aluminium | Nickel;0;0;teilweise bis gut
pearl_divers;Perlentaucher;Pearl Divers;"aus deutscher Benennungsliste; nicht vollständig gegen aktuelle Spiel-Lokalisierungsdateien geprüft";Kolonialzeit;Nahrung und Rohstoffe;Tropican Shores;Ja;Nein;500;1000;;;4;Ungebildet;;;;;;;;2x2, Wasser;;;;verified_wiki_table;https://tropico.fandom.com/wiki/Buildings_(Tropico_6);L187-L209;1;0;;0;0;nur statische Gebäudetabelle
beekeeper;Imkerei;Beekeeper;"aus deutscher Benennungsliste; nicht vollständig gegen aktuelle Spiel-Lokalisierungsdateien geprüft";Kolonialzeit;Nahrung und Rohstoffe;Return to Nature;Ja;Nein;500;950;;;4;Ungebildet;;;;;;;;3x2;;;;verified_wiki_table;https://tropico.fandom.com/wiki/Buildings_(Tropico_6);L187-L209;1;0;;0;0;nur statische Gebäudetabelle
lumber_mill;Sägewerk;Lumber Mill;"aus deutscher Benennungsliste; nicht vollständig gegen aktuelle Spiel-Lokalisierungsdateien geprüft";Kolonialzeit;Industrie;Grundspiel;Ja;Nein;;5600;;;4;Ungebildet;;;;;;;;3x4;;;;verified_wiki_table;https://tropico.fandom.com/wiki/Buildings_(Tropico_6);L211-L245;2;2;Normalbetrieb | Hastiges Entrinden;0;0;teilweise bis gut
rum_distillery;Rumbrennerei;Rum Distillery;"aus deutscher Benennungsliste; nicht vollständig gegen aktuelle Spiel-Lokalisierungsdateien geprüft";Kolonialzeit;Industrie;Grundspiel;Ja;Nein;;9600;;;4;Ungebildet;;;;;;;;4x2;;;;verified_wiki_table;https://tropico.fandom.com/wiki/Buildings_(Tropico_6);L211-L245;2;2;Normalbetrieb | Dunder-Destille;0;0;teilweise bis gut
tannery;Gerberei;Tannery;"aus deutscher Benennungsliste; nicht vollständig gegen aktuelle Spiel-Lokalisierungsdateien geprüft";Kolonialzeit;Industrie;Grundspiel;Ja;Nein;;6000;;;5;Ungebildet;;;;;;;;3x3;;;;verified_wiki_table;https://tropico.fandom.com/wiki/Buildings_(Tropico_6);L211-L245;2;2;Normalbetrieb | Chromgerbung;0;0;teilweise bis gut
toy_workshop;Spielzeugfabrik;Toy Workshop;"aus deutscher Benennungsliste; nicht vollständig gegen aktuelle Spiel-Lokalisierungsdateien geprüft";Kolonialzeit;Industrie;The Llama of Wall Street;Ja;Nein;1800;6500;;;4;Ungebildet;;;;;;;;2x3;;;;verified_wiki_table;https://tropico.fandom.com/wiki/Buildings_(Tropico_6);L211-L245;4;4;Holzspielzeug | Stoffspielzeug | Gummispielzeug | Ferngesteuertes Spielzeug;3;5;teilweise bis gut
fireworks_factory;Feuerwerksfabrik;Fireworks Factory;"aus deutscher Benennungsliste; nicht vollständig gegen aktuelle Spiel-Lokalisierungsdateien geprüft";Kolonialzeit;Industrie;Festival;Ja;Nein;5100;10200;;;4;Ungebildet;;;;;;;;4x2;;;;verified_wiki_table;https://tropico.fandom.com/wiki/Buildings_(Tropico_6);L211-L245;1;0;;0;0;nur statische Gebäudetabelle
charcoal_burner;Köhlerei;Charcoal Burner;"aus deutscher Benennungsliste; nicht vollständig gegen aktuelle Spiel-Lokalisierungsdateien geprüft";Kolonialzeit;Industrie;Return to Nature;Ja;Nein;1250;5000;;;4;Ungebildet;;;;;;;;2x2;;;;verified_wiki_table;https://tropico.fandom.com/wiki/Buildings_(Tropico_6);L211-L245;1;0;;0;0;nur statische Gebäudetabelle
paper_mill;Papierfabrik;Paper Mill;"aus deutscher Benennungsliste; nicht vollständig gegen aktuelle Spiel-Lokalisierungsdateien geprüft";Kolonialzeit;Industrie;Return to Nature;Ja;Nein;1625;6500;;;5;Ungebildet;;;;;;;;3x2;;;;verified_wiki_table;https://tropico.fandom.com/wiki/Buildings_(Tropico_6);L211-L245;1;0;;0;0;nur statische Gebäudetabelle
printing_house;Druckerei;Printing House;"aus deutscher Benennungsliste; nicht vollständig gegen aktuelle Spiel-Lokalisierungsdateien geprüft";Kolonialzeit;Industrie;Return to Nature;Ja;Nein;2125;8500;;;5;Ungebildet;;;;;;;;2x3;;;;verified_wiki_table;https://tropico.fandom.com/wiki/Buildings_(Tropico_6);L211-L245;1;0;;0;0;nur statische Gebäudetabelle
country_house;Landhaus;Country House;"aus deutscher Benennungsliste; nicht vollständig gegen aktuelle Spiel-Lokalisierungsdateien geprüft";Kolonialzeit;Wohnen;Grundspiel;Ja;Nein;;850;;;;;;;;2;48;Wohlhabend;;2x1;;;;verified_wiki_table;https://tropico.fandom.com/wiki/Buildings_(Tropico_6);L247-L270;0;0;;0;0;nur statische Gebäudetabelle
bunkhouse;Baracke;Bunkhouse;"aus deutscher Benennungsliste; nicht vollständig gegen aktuelle Spiel-Lokalisierungsdateien geprüft";Kolonialzeit;Wohnen;Grundspiel;Ja;Nein;;1200;;;;;;;;6;32;Arm;;2x2;;;;verified_wiki_table;https://tropico.fandom.com/wiki/Buildings_(Tropico_6);L247-L270;0;0;;0;0;nur statische Gebäudetabelle
mansion;Villa;Mansion;"aus deutscher Benennungsliste; nicht vollständig gegen aktuelle Spiel-Lokalisierungsdateien geprüft";Kolonialzeit;Wohnen;Grundspiel;Ja;Nein;500;1200;;;;;;;;2;68;Reich;;3x2;;;;verified_wiki_table;https://tropico.fandom.com/wiki/Buildings_(Tropico_6);L247-L270;0;0;;0;0;nur statische Gebäudetabelle
residential_boat;Wohnboot;Residential Boat;"aus deutscher Benennungsliste; nicht vollständig gegen aktuelle Spiel-Lokalisierungsdateien geprüft";Kolonialzeit;Wohnen;Tropican Shores;Ja;Nein;500;1300;;;;;;;;5;35;Arm;;3x1, Wasser;;;;verified_wiki_table;https://tropico.fandom.com/wiki/Buildings_(Tropico_6);L247-L270;0;0;;0;0;nur statische Gebäudetabelle
tree_house;Baumhaus;Tree House;"aus deutscher Benennungsliste; nicht vollständig gegen aktuelle Spiel-Lokalisierungsdateien geprüft";Kolonialzeit;Wohnen;Return to Nature;Ja;Nein;500;1100;;;;;;;;5;30;Arm;;2x2;;;;verified_wiki_table;https://tropico.fandom.com/wiki/Buildings_(Tropico_6);L247-L270;0;0;;0;0;nur statische Gebäudetabelle
tavern;Taverne;Tavern;"aus deutscher Benennungsliste; nicht vollständig gegen aktuelle Spiel-Lokalisierungsdateien geprüft";Kolonialzeit;Unterhaltung;Grundspiel;Ja;Nein;;1200;;;3;Ungebildet;40;32;12;;;Arm;;2x1;;;;verified_wiki_table;https://tropico.fandom.com/wiki/Buildings_(Tropico_6);L272-L296;0;0;;0;0;nur statische Gebäudetabelle
circus;Zirkus;Circus;"aus deutscher Benennungsliste; nicht vollständig gegen aktuelle Spiel-Lokalisierungsdateien geprüft";Kolonialzeit;Unterhaltung;Grundspiel;Ja;Nein;2400;4800;;;6;Ungebildet;45;45;36;;;Arm;;5x3;;;;verified_wiki_table;https://tropico.fandom.com/wiki/Buildings_(Tropico_6);L272-L296;0;0;;0;0;nur statische Gebäudetabelle
busker;Straßenmusiker;Busker;"aus deutscher Benennungsliste; nicht vollständig gegen aktuelle Spiel-Lokalisierungsdateien geprüft";Kolonialzeit;Unterhaltung;Grundspiel;Ja;Nein;800;400;;;1;Ungebildet;45;20;6;;;Pleite;;1x1, auf Straße;;;;verified_wiki_table;https://tropico.fandom.com/wiki/Buildings_(Tropico_6);L272-L296;0;0;;0;0;nur statische Gebäudetabelle
custom_park;Individueller Park;Custom Park;"aus deutscher Benennungsliste; nicht vollständig gegen aktuelle Spiel-Lokalisierungsdateien geprüft";Kolonialzeit;Unterhaltung;Grundspiel;Ja;Nein;;50 je Feld;;;;;;<60;<50;;;Pleite;;mind. 1x1;;;;verified_wiki_table;https://tropico.fandom.com/wiki/Buildings_(Tropico_6);L272-L296;0;0;;0;0;nur statische Gebäudetabelle
dance_school;Tanzschule;Dance School;"aus deutscher Benennungsliste; nicht vollständig gegen aktuelle Spiel-Lokalisierungsdateien geprüft";Kolonialzeit;Unterhaltung;Festival;Ja;Nein;2750;5500;;;3;Ungebildet;50;45;9;;;Pleite;;2x3;;;;verified_wiki_table;https://tropico.fandom.com/wiki/Buildings_(Tropico_6);L272-L296;0;0;;0;0;nur statische Gebäudetabelle
festival_grounds;Festivalgelände;Festival Grounds;"aus deutscher Benennungsliste; nicht vollständig gegen aktuelle Spiel-Lokalisierungsdateien geprüft";Kolonialzeit;Unterhaltung;Festival;Ja;Nein;2900;5800;;;4;Ungebildet;45;;;;;Pleite;Ja;3x3;;;;verified_wiki_table;https://tropico.fandom.com/wiki/Buildings_(Tropico_6);L272-L296;0;0;;0;0;nur statische Gebäudetabelle
theater;Theater;Theater;"aus deutscher Benennungsliste; nicht vollständig gegen aktuelle Spiel-Lokalisierungsdateien geprüft";Kolonialzeit;Luxusunterhaltung;Grundspiel;Ja;Nein;2650;5300;;;6;Oberschule;50;60;24;;;Wohlhabend;;4x3;;;;verified_wiki_table;https://tropico.fandom.com/wiki/Buildings_(Tropico_6);L298-L316;0;0;;0;0;nur statische Gebäudetabelle
opera_house;Opernhaus;Opera House;"aus deutscher Benennungsliste; nicht vollständig gegen aktuelle Spiel-Lokalisierungsdateien geprüft";Kolonialzeit;Luxusunterhaltung;Grundspiel;Ja;Nein;4940;9880;;;8;Oberschule;60;75;16;;;Reich;;4x4;;;;verified_wiki_table;https://tropico.fandom.com/wiki/Buildings_(Tropico_6);L298-L316;0;0;;0;0;nur statische Gebäudetabelle
newspaper;Zeitung;Newspaper;"aus deutscher Benennungsliste; nicht vollständig gegen aktuelle Spiel-Lokalisierungsdateien geprüft";Kolonialzeit;Medien und Bildung;Grundspiel;Ja;Nein;;1800;;;4;Oberschule;60;;;;;;;3x2;;;;verified_wiki_table;https://tropico.fandom.com/wiki/Buildings_(Tropico_6);L318-L334;0;0;;0;0;nur statische Gebäudetabelle
library;Bibliothek;Library;"aus deutscher Benennungsliste; nicht vollständig gegen aktuelle Spiel-Lokalisierungsdateien geprüft";Kolonialzeit;Medien und Bildung;Grundspiel;Ja;Nein;;3600;;;3;Oberschule;60;;;;;;;4x3;;;;verified_wiki_table;https://tropico.fandom.com/wiki/Buildings_(Tropico_6);L318-L334;0;0;;0;0;nur statische Gebäudetabelle
chapel;Kapelle;Chapel;"aus deutscher Benennungsliste; nicht vollständig gegen aktuelle Spiel-Lokalisierungsdateien geprüft";Kolonialzeit;Öffentliche Dienste;Grundspiel;Ja;Nein;;1700;;;2;Oberschule;55;45 (Glaube);8;;;Pleite;Nein;3x3;;;;verified_wiki_table;https://tropico.fandom.com/wiki/Buildings_(Tropico_6);L365-L394;0;0;;0;0;nur statische Gebäudetabelle
grocery;Lebensmittelladen;Grocery;"aus deutscher Benennungsliste; nicht vollständig gegen aktuelle Spiel-Lokalisierungsdateien geprüft";Kolonialzeit;Öffentliche Dienste;Grundspiel;Ja;Nein;;1200;;;4;Ungebildet;55;45 (Nahrung);16;;;Arm;Ja;3x2;;;;verified_wiki_table;https://tropico.fandom.com/wiki/Buildings_(Tropico_6);L365-L394;0;0;;0;0;nur statische Gebäudetabelle
fresh_water_well;Frischwasserbrunnen;Fresh Water Well;"aus deutscher Benennungsliste; nicht vollständig gegen aktuelle Spiel-Lokalisierungsdateien geprüft";Kolonialzeit;Öffentliche Dienste;Going Viral;Ja;Nein;500;600;;;;;;;;;;;Nein;1x1;;;;verified_wiki_table;https://tropico.fandom.com/wiki/Buildings_(Tropico_6);L365-L394;0;0;;0;0;nur statische Gebäudetabelle
snake_oil_salesman;Quacksalber;Snake Oil Salesman;"aus deutscher Benennungsliste; nicht vollständig gegen aktuelle Spiel-Lokalisierungsdateien geprüft";Kolonialzeit;Öffentliche Dienste;Going Viral;Ja;Nein;500;5000;;;3;Ungebildet;65;0 (Gesundheit);18;;;Pleite;Ja;1x2;;;;verified_wiki_table;https://tropico.fandom.com/wiki/Buildings_(Tropico_6);L365-L394;0;0;;0;0;nur statische Gebäudetabelle
isolation_center;Isolationszentrum;Isolation Center;"aus deutscher Benennungsliste; nicht vollständig gegen aktuelle Spiel-Lokalisierungsdateien geprüft";Kolonialzeit;Öffentliche Dienste;Going Viral;Ja;Nein;1000;3500;;;3;Oberschule;60;;18;;;Pleite;Nein;3x3;;;;verified_wiki_table;https://tropico.fandom.com/wiki/Buildings_(Tropico_6);L365-L394;0;0;;0;0;nur statische Gebäudetabelle
herbalist;Kräuterkundler;Herbalist;"aus deutscher Benennungsliste; nicht vollständig gegen aktuelle Spiel-Lokalisierungsdateien geprüft";Kolonialzeit;Öffentliche Dienste;Return to Nature;Ja;Nein;500;1500;;;1;Oberschule;50;35 (Gesundheit);8;;;Arm;Nein;2x2;;;;verified_wiki_table;https://tropico.fandom.com/wiki/Buildings_(Tropico_6);L365-L394;0;0;;0;0;nur statische Gebäudetabelle
magazine_stand;Zeitschriftenstand;Magazine Stand;"aus deutscher Benennungsliste; nicht vollständig gegen aktuelle Spiel-Lokalisierungsdateien geprüft";Kolonialzeit;Öffentliche Dienste;Return to Nature;Ja;Nein;500;600;;;1;Ungebildet;45;+10 (Freiheit);3;;;Arm;Nein;1x1;;;;verified_wiki_table;https://tropico.fandom.com/wiki/Buildings_(Tropico_6);L365-L394;0;0;;0;0;nur statische Gebäudetabelle
wayside_shrine;Wegschrein;Wayside Shrine;"aus deutscher Benennungsliste; nicht vollständig gegen aktuelle Spiel-Lokalisierungsdateien geprüft";Kolonialzeit;Öffentliche Dienste;Return to Nature;Ja;Nein;500;950;;;1;Ungebildet;45;+10 (Glaube);3;;;Pleite;Nein;1x2;;;;verified_wiki_table;https://tropico.fandom.com/wiki/Buildings_(Tropico_6);L365-L394;0;0;;0;0;nur statische Gebäudetabelle
guard_tower;Wachturm;Guard Tower;"aus deutscher Benennungsliste; nicht vollständig gegen aktuelle Spiel-Lokalisierungsdateien geprüft";Kolonialzeit;Überfälle und Militär;Grundspiel;Ja;Nein;1000;500;;;3;Ungebildet;40;;;;;;Nein;1x1;;;;verified_wiki_table;https://tropico.fandom.com/wiki/Buildings_(Tropico_6);L396-L417;0;0;;0;0;nur statische Gebäudetabelle
fort;Fort;Fort;"aus deutscher Benennungsliste; nicht vollständig gegen aktuelle Spiel-Lokalisierungsdateien geprüft";Kolonialzeit;Überfälle und Militär;Grundspiel;Ja;Nein;2000;4000;;;8;Ungebildet;35;;;;;;Nein;4x4;;;;verified_wiki_table;https://tropico.fandom.com/wiki/Buildings_(Tropico_6);L396-L417;0;0;;0;0;nur statische Gebäudetabelle
pirate_cove;Piratenbucht;Pirate Cove;"aus deutscher Benennungsliste; nicht vollständig gegen aktuelle Spiel-Lokalisierungsdateien geprüft";Kolonialzeit;Überfälle und Militär;Grundspiel;Ja;Nein;;4000;;;4;Ungebildet;50;;;;;;Nein;6x5, Küste;;;;verified_wiki_table;https://tropico.fandom.com/wiki/Buildings_(Tropico_6);L396-L417;0;0;;0;0;nur statische Gebäudetabelle
palace;Palast;Palace;"aus deutscher Benennungsliste; nicht vollständig gegen aktuelle Spiel-Lokalisierungsdateien geprüft";Kolonialzeit;Regierung und Finanzen;Grundspiel;Ja;Nein;;Vorgebaut;;;4;Ungebildet;60;;;;;;Nein;7x7;;;;verified_wiki_table;https://tropico.fandom.com/wiki/Buildings_(Tropico_6);L419-L437;0;0;;0;0;nur statische Gebäudetabelle
dungeon;Kerker;Dungeon;"aus deutscher Benennungsliste; nicht vollständig gegen aktuelle Spiel-Lokalisierungsdateien geprüft";Kolonialzeit;Regierung und Finanzen;Grundspiel;Ja;Nein;;3000;;;4;Ungebildet;40;;8 in Gewahrsam;;;;Nein;3x2;;;;verified_wiki_table;https://tropico.fandom.com/wiki/Buildings_(Tropico_6);L419-L437;0;0;;0;0;nur statische Gebäudetabelle
electric_substation;Umspannwerk;Electric Substation;"aus deutscher Benennungsliste; nicht vollständig gegen aktuelle Spiel-Lokalisierungsdateien geprüft";Zeitalter der Weltkriege;Verkehr und Infrastruktur;Grundspiel;Ja;Nein;1000;2000;-10;;;;;;;;;;Nein;1x1;;;;verified_wiki_table;https://tropico.fandom.com/wiki/Buildings_(Tropico_6);L143-L185;0;0;;0;0;nur statische Gebäudetabelle
power_plant;Kraftwerk;Power Plant;"aus deutscher Benennungsliste; nicht vollständig gegen aktuelle Spiel-Lokalisierungsdateien geprüft";Zeitalter der Weltkriege;Verkehr und Infrastruktur;Grundspiel;Ja;Nein;6000;12000;360;Wiki nennt zusätzlich 355 MW bei 100 % in einer Variante;6;Oberschule;;;;;;;Ja;4x6;;;;verified_wiki_table;https://tropico.fandom.com/wiki/Buildings_(Tropico_6);L143-L185;0;0;;0;0;nur statische Gebäudetabelle
parking_deck;Parkhaus;Parking Deck;"aus deutscher Benennungsliste; nicht vollständig gegen aktuelle Spiel-Lokalisierungsdateien geprüft";Zeitalter der Weltkriege;Verkehr und Infrastruktur;Grundspiel;Ja;Nein;1000;1200;;;1;Ungebildet;;;;;;;Ja;2x2;;;;verified_wiki_table;https://tropico.fandom.com/wiki/Buildings_(Tropico_6);L143-L185;0;0;;0;0;nur statische Gebäudetabelle
bus_garage;Busdepot;Bus Garage;"aus deutscher Benennungsliste; nicht vollständig gegen aktuelle Spiel-Lokalisierungsdateien geprüft";Zeitalter der Weltkriege;Verkehr und Infrastruktur;Grundspiel;Ja;Nein;1000;1500;;;4;Ungebildet;;;;;;;Ja;3x2;;;;verified_wiki_table;https://tropico.fandom.com/wiki/Buildings_(Tropico_6);L143-L185;0;0;;0;0;nur statische Gebäudetabelle
tunnel_connection;Tunnelverbindung;Tunnel Connection;"aus deutscher Benennungsliste; nicht vollständig gegen aktuelle Spiel-Lokalisierungsdateien geprüft";Zeitalter der Weltkriege;Verkehr und Infrastruktur;Grundspiel;Ja;Nein;;4000;;;;;;;;;;;Ja;1x4;;;;verified_wiki_table;https://tropico.fandom.com/wiki/Buildings_(Tropico_6);L143-L185;0;0;;0;0;nur statische Gebäudetabelle
cargo_airport;Frachtflughafen;Cargo Airport;"aus deutscher Benennungsliste; nicht vollständig gegen aktuelle Spiel-Lokalisierungsdateien geprüft";Zeitalter der Weltkriege;Verkehr und Infrastruktur;Caribbean Skies;Ja;Nein;7500;18000;;;6;Ungebildet;;;;;;;Ja;4x8;;;;verified_wiki_table;https://tropico.fandom.com/wiki/Buildings_(Tropico_6);L143-L185;0;0;;0;0;nur statische Gebäudetabelle
oil_well;Ölquelle;Oil Well;"aus deutscher Benennungsliste; nicht vollständig gegen aktuelle Spiel-Lokalisierungsdateien geprüft";Zeitalter der Weltkriege;Nahrung und Rohstoffe;Grundspiel;Ja;Nein;2500;5000;;;4;Oberschule;;;;;;;;2x2;;;;verified_wiki_table;https://tropico.fandom.com/wiki/Buildings_(Tropico_6);L187-L209;1;1;Standard;0;0;teilweise bis gut
cannery;Konservenfabrik;Cannery;"aus deutscher Benennungsliste; nicht vollständig gegen aktuelle Spiel-Lokalisierungsdateien geprüft";Zeitalter der Weltkriege;Industrie;Grundspiel;Ja;Nein;3250;6500;-80;;8;Ungebildet;;;;;;;;3x3;;;;verified_wiki_table;https://tropico.fandom.com/wiki/Buildings_(Tropico_6);L211-L245;4;4;Ananas | Fisch | Fleisch | Kaffee;0;0;teilweise bis gut
creamery;Molkerei;Creamery;"aus deutscher Benennungsliste; nicht vollständig gegen aktuelle Spiel-Lokalisierungsdateien geprüft";Zeitalter der Weltkriege;Industrie;Grundspiel;Ja;Nein;5250;10500;;;4;Ungebildet;;;;;;;;4x4;;;;verified_wiki_table;https://tropico.fandom.com/wiki/Buildings_(Tropico_6);L211-L245;2;2;Rechtsdrehende Milchsäure | Linksdrehende Milchsäure;0;0;teilweise bis gut
cigar_factory;Zigarrenfabrik;Cigar Factory;"aus deutscher Benennungsliste; nicht vollständig gegen aktuelle Spiel-Lokalisierungsdateien geprüft";Zeitalter der Weltkriege;Industrie;Grundspiel;Ja;Nein;6750;13600;;;5;Oberschule;;;;;;;;3x5;;;;verified_wiki_table;https://tropico.fandom.com/wiki/Buildings_(Tropico_6);L211-L245;2;2;Normalbetrieb | Klimasteuerung;0;0;teilweise bis gut
shipyard;Schiffswerft;Shipyard;"aus deutscher Benennungsliste; nicht vollständig gegen aktuelle Spiel-Lokalisierungsdateien geprüft";Zeitalter der Weltkriege;Industrie;Grundspiel;Ja;Nein;4750;9500;;;5;Oberschule;;;;;;;;3x3, Küste;;;;verified_wiki_table;https://tropico.fandom.com/wiki/Buildings_(Tropico_6);L211-L245;3;3;Bretter | Stahl | Aluminium;0;0;teilweise bis gut
steel_mill;Stahlwerk;Steel Mill;"aus deutscher Benennungsliste; nicht vollständig gegen aktuelle Spiel-Lokalisierungsdateien geprüft";Zeitalter der Weltkriege;Industrie;Grundspiel;Ja;Nein;4750;9500;;;8;Oberschule;;;;;;;;4x2;;;;verified_wiki_table;https://tropico.fandom.com/wiki/Buildings_(Tropico_6);L211-L245;1;1;Standard;0;0;teilweise bis gut
textile_mill;Textilfabrik;Textile Mill;"aus deutscher Benennungsliste; nicht vollständig gegen aktuelle Spiel-Lokalisierungsdateien geprüft";Zeitalter der Weltkriege;Industrie;Grundspiel;Ja;Nein;5250;10500;;;10;Ungebildet;;;;;;;;5x3;;;;verified_wiki_table;https://tropico.fandom.com/wiki/Buildings_(Tropico_6);L211-L245;3;3;Baumwolle | Wolle | Einheitliche Webzuführung;0;0;teilweise bis gut
weapons_factory;Waffenfabrik;Weapons Factory;"aus deutscher Benennungsliste; nicht vollständig gegen aktuelle Spiel-Lokalisierungsdateien geprüft";Zeitalter der Weltkriege;Industrie;Grundspiel;Ja;Nein;9000;18000;;;8;Oberschule;;;;;;;;5x4;;;;verified_wiki_table;https://tropico.fandom.com/wiki/Buildings_(Tropico_6);L211-L245;1;1;Standard;0;0;teilweise bis gut
balloon_factory;Ballonfabrik;Balloon Factory;"aus deutscher Benennungsliste; nicht vollständig gegen aktuelle Spiel-Lokalisierungsdateien geprüft";Zeitalter der Weltkriege;Industrie;Festival;Ja;Nein;5650;11300;;;4;Oberschule;;;;;;;;3x4;;;;verified_wiki_table;https://tropico.fandom.com/wiki/Buildings_(Tropico_6);L211-L245;1;0;;0;0;nur statische Gebäudetabelle
mask_factory;Maskenfabrik;Mask Factory;"aus deutscher Benennungsliste; nicht vollständig gegen aktuelle Spiel-Lokalisierungsdateien geprüft";Zeitalter der Weltkriege;Industrie;Going Viral;Ja;Nein;3000;12000;;;6;Ungebildet;;;;;;;;3x2;;;;verified_wiki_table;https://tropico.fandom.com/wiki/Buildings_(Tropico_6);L211-L245;1;0;;0;0;nur statische Gebäudetabelle
yacht_shipyard;Yachtwerft;Yacht Shipyard;"aus deutscher Benennungsliste; nicht vollständig gegen aktuelle Spiel-Lokalisierungsdateien geprüft";Zeitalter der Weltkriege;Industrie;Tropican Shores;Ja;Nein;6250;25000;-40;;6;Oberschule;;;;;;;;7x17, Küste;;;;verified_wiki_table;https://tropico.fandom.com/wiki/Buildings_(Tropico_6);L211-L245;1;0;;0;0;nur statische Gebäudetabelle
house;Haus;House;"aus deutscher Benennungsliste; nicht vollständig gegen aktuelle Spiel-Lokalisierungsdateien geprüft";Zeitalter der Weltkriege;Wohnen;Grundspiel;Ja;Nein;1000;1450;;;;;;;;3;64;Wohlhabend;;2x1;;;;verified_wiki_table;https://tropico.fandom.com/wiki/Buildings_(Tropico_6);L247-L270;0;0;;0;0;nur statische Gebäudetabelle
flophouse;Mietskaserne;Flophouse;"aus deutscher Benennungsliste; nicht vollständig gegen aktuelle Spiel-Lokalisierungsdateien geprüft";Zeitalter der Weltkriege;Wohnen;Grundspiel;Ja;Nein;1000;1800;;;;;;;;9;38;Arm;;3x1;;;;verified_wiki_table;https://tropico.fandom.com/wiki/Buildings_(Tropico_6);L247-L270;0;0;;0;0;nur statische Gebäudetabelle
apartment;Apartmenthaus;Apartment;"aus deutscher Benennungsliste; nicht vollständig gegen aktuelle Spiel-Lokalisierungsdateien geprüft";Zeitalter der Weltkriege;Wohnen;Grundspiel;Ja;Nein;1500;3000;;;;;;;;10;52;Wohlhabend;;3x2;;;;verified_wiki_table;https://tropico.fandom.com/wiki/Buildings_(Tropico_6);L247-L270;0;0;;0;0;nur statische Gebäudetabelle
official_residence;Amtsresidenz;Official Residence;"aus deutscher Benennungsliste; nicht vollständig gegen aktuelle Spiel-Lokalisierungsdateien geprüft";Zeitalter der Weltkriege;Wohnen;Lobbyistico;Ja;Nein;2500;2000;-15;;;;;;;1;100;Pleite (Fraktionsführer);Ja;2x2;;;;verified_wiki_table;https://tropico.fandom.com/wiki/Buildings_(Tropico_6);L247-L270;0;0;;0;0;nur statische Gebäudetabelle
floating_neighborhood;Schwimmendes Viertel;Floating Neighborhood;"aus deutscher Benennungsliste; nicht vollständig gegen aktuelle Spiel-Lokalisierungsdateien geprüft";Zeitalter der Weltkriege;Wohnen;Tropican Shores;Ja;Nein;1000;4000;;;;;;;;12;65;Wohlhabend;;4x3, Wasser;;;;verified_wiki_table;https://tropico.fandom.com/wiki/Buildings_(Tropico_6);L247-L270;0;0;;0;0;nur statische Gebäudetabelle
botanical_garden;Botanischer Garten;Botanical Garden;"aus deutscher Benennungsliste; nicht vollständig gegen aktuelle Spiel-Lokalisierungsdateien geprüft";Zeitalter der Weltkriege;Unterhaltung;Grundspiel;Ja;Nein;2100;4200;;;2;Ungebildet;45;30;16;;;Pleite;;6x4;;;;verified_wiki_table;https://tropico.fandom.com/wiki/Buildings_(Tropico_6);L272-L296;0;0;;0;0;nur statische Gebäudetabelle
funfair_pier;Jahrmarkt-Pier;Funfair Pier;"aus deutscher Benennungsliste; nicht vollständig gegen aktuelle Spiel-Lokalisierungsdateien geprüft";Zeitalter der Weltkriege;Unterhaltung;Grundspiel;Ja;Nein;3675;7350;-20;;6;Ungebildet;45;60;24;;;Arm;;4x3, Küste;;;;verified_wiki_table;https://tropico.fandom.com/wiki/Buildings_(Tropico_6);L272-L296;0;0;;0;0;nur statische Gebäudetabelle
restaurant;Restaurant;Restaurant;"aus deutscher Benennungsliste; nicht vollständig gegen aktuelle Spiel-Lokalisierungsdateien geprüft";Zeitalter der Weltkriege;Unterhaltung;Grundspiel;Ja;Nein;1300;2600;;;4;Ungebildet;45;65;12;;;Wohlhabend;;2x2;;;;verified_wiki_table;https://tropico.fandom.com/wiki/Buildings_(Tropico_6);L272-L296;0;0;;0;0;nur statische Gebäudetabelle
party_blimps;Partyzeppeline;Party Blimps;"aus deutscher Benennungsliste; nicht vollständig gegen aktuelle Spiel-Lokalisierungsdateien geprüft";Zeitalter der Weltkriege;Unterhaltung;Festival;Ja;Nein;3100;6200;;;4;Ungebildet;55;;;;;Pleite;Ja;3x3;;;;verified_wiki_table;https://tropico.fandom.com/wiki/Buildings_(Tropico_6);L272-L296;0;0;;0;0;nur statische Gebäudetabelle
floating_restaurant;Schwimmendes Restaurant;Floating Restaurant;"aus deutscher Benennungsliste; nicht vollständig gegen aktuelle Spiel-Lokalisierungsdateien geprüft";Zeitalter der Weltkriege;Unterhaltung;Tropican Shores;Ja;Nein;950;3800;;;5;Ungebildet;60;70;10;;;Wohlhabend;;4x2, Wasser;;;;verified_wiki_table;https://tropico.fandom.com/wiki/Buildings_(Tropico_6);L272-L296;0;0;;0;0;nur statische Gebäudetabelle
climbing_park;Kletterpark;Climbing Park;"aus deutscher Benennungsliste; nicht vollständig gegen aktuelle Spiel-Lokalisierungsdateien geprüft";Zeitalter der Weltkriege;Unterhaltung;Return to Nature;Ja;Nein;875;3500;;;5;Ungebildet;45;50;15;;;Arm;;4x3;;;;verified_wiki_table;https://tropico.fandom.com/wiki/Buildings_(Tropico_6);L272-L296;0;0;;0;0;nur statische Gebäudetabelle
cabaret;Kabarett;Cabaret;"aus deutscher Benennungsliste; nicht vollständig gegen aktuelle Spiel-Lokalisierungsdateien geprüft";Zeitalter der Weltkriege;Luxusunterhaltung;Grundspiel;Ja;Nein;2500;5000;;;4;Oberschule;50;65;16;;;Wohlhabend;;3x2;;;;verified_wiki_table;https://tropico.fandom.com/wiki/Buildings_(Tropico_6);L298-L316;0;0;;0;0;nur statische Gebäudetabelle
el_presidente_club;El-Presidente-Club;El Presidente Club;"aus deutscher Benennungsliste; nicht vollständig gegen aktuelle Spiel-Lokalisierungsdateien geprüft";Zeitalter der Weltkriege;Luxusunterhaltung;Lobbyistico;Ja;Nein;8000;15000;;;2-4;Ungebildet;;;;;;;;3x3;;;;verified_wiki_table;https://tropico.fandom.com/wiki/Buildings_(Tropico_6);L298-L316;0;0;;0;0;nur statische Gebäudetabelle
tropitanic;Tropitanic;Tropitanic;"aus deutscher Benennungsliste; nicht vollständig gegen aktuelle Spiel-Lokalisierungsdateien geprüft";Zeitalter der Weltkriege;Luxusunterhaltung;Tropican Shores;Ja;Nein;4000;0;;;6;Ungebildet;60;80;18;;;Wohlhabend;;7x2;;;"Baukosten laut Wiki: 0 beim Baubeginn; Projektbau";verified_wiki_table;https://tropico.fandom.com/wiki/Buildings_(Tropico_6);L298-L316;0;0;;0;0;nur statische Gebäudetabelle
high_school;Oberschule;High School;"aus deutscher Benennungsliste; nicht vollständig gegen aktuelle Spiel-Lokalisierungsdateien geprüft";Zeitalter der Weltkriege;Medien und Bildung;Grundspiel;Ja;Nein;3500;7000;;;4;Oberschule;50;;32;;;Pleite;;4x3;;;;verified_wiki_table;https://tropico.fandom.com/wiki/Buildings_(Tropico_6);L318-L334;0;0;;0;0;nur statische Gebäudetabelle
college;Hochschule;College;"aus deutscher Benennungsliste; nicht vollständig gegen aktuelle Spiel-Lokalisierungsdateien geprüft";Zeitalter der Weltkriege;Medien und Bildung;Grundspiel;Ja;Nein;6000;12000;;;3;Hochschule;70;;24;;;Pleite;;5x4;;;;verified_wiki_table;https://tropico.fandom.com/wiki/Buildings_(Tropico_6);L318-L334;0;0;;0;0;nur statische Gebäudetabelle
radio_station;Radiosender;Radio Station;"aus deutscher Benennungsliste; nicht vollständig gegen aktuelle Spiel-Lokalisierungsdateien geprüft";Zeitalter der Weltkriege;Medien und Bildung;Grundspiel;Ja;Nein;1200;2400;-10;;2;Oberschule;65;;;;;;;3x2;;;;verified_wiki_table;https://tropico.fandom.com/wiki/Buildings_(Tropico_6);L318-L334;0;0;;0;0;nur statische Gebäudetabelle
forest_school;Waldschule;Forest School;"aus deutscher Benennungsliste; nicht vollständig gegen aktuelle Spiel-Lokalisierungsdateien geprüft";Zeitalter der Weltkriege;Medien und Bildung;Return to Nature;Ja;Nein;1875;7500;;;5;Oberschule;55;;25;;;Pleite;;4x3;;;;verified_wiki_table;https://tropico.fandom.com/wiki/Buildings_(Tropico_6);L318-L334;0;0;;0;0;nur statische Gebäudetabelle
church;Kirche;Church;"aus deutscher Benennungsliste; nicht vollständig gegen aktuelle Spiel-Lokalisierungsdateien geprüft";Zeitalter der Weltkriege;Öffentliche Dienste;Grundspiel;Ja;Nein;2300;4600;;;3;Oberschule;65;60 (Glaube);18;;;Pleite;Nein;4x2;;;;verified_wiki_table;https://tropico.fandom.com/wiki/Buildings_(Tropico_6);L365-L394;0;0;;0;0;nur statische Gebäudetabelle
clinic;Klinik;Clinic;"aus deutscher Benennungsliste; nicht vollständig gegen aktuelle Spiel-Lokalisierungsdateien geprüft";Zeitalter der Weltkriege;Öffentliche Dienste;Grundspiel;Ja;Nein;1500;3000;;;2;Hochschule;70;60 (Gesundheit);12;;;Arm;Nein;3x1;;;;verified_wiki_table;https://tropico.fandom.com/wiki/Buildings_(Tropico_6);L365-L394;0;0;;0;0;nur statische Gebäudetabelle
fire_station;Feuerwache;Fire Station;"aus deutscher Benennungsliste; nicht vollständig gegen aktuelle Spiel-Lokalisierungsdateien geprüft";Zeitalter der Weltkriege;Öffentliche Dienste;Grundspiel;Ja;Nein;2250;4500;;;4;Oberschule;65;;;;;;Ja;3x3;;;;verified_wiki_table;https://tropico.fandom.com/wiki/Buildings_(Tropico_6);L365-L394;0;0;;0;0;nur statische Gebäudetabelle
fresh_water_tower;Frischwasserturm;Fresh Water Tower;"aus deutscher Benennungsliste; nicht vollständig gegen aktuelle Spiel-Lokalisierungsdateien geprüft";Zeitalter der Weltkriege;Öffentliche Dienste;Going Viral;Ja;Nein;500;1200;;;;;;;;;;;Nein;2x2;;;;verified_wiki_table;https://tropico.fandom.com/wiki/Buildings_(Tropico_6);L365-L394;0;0;;0;0;nur statische Gebäudetabelle
healing_howitzer;Heilhaubitze;Healing Howitzer;"aus deutscher Benennungsliste; nicht vollständig gegen aktuelle Spiel-Lokalisierungsdateien geprüft";Zeitalter der Weltkriege;Öffentliche Dienste;Going Viral;Ja;Nein;500;5500;;;3;Oberschule;65;;;;;;;;;;Weitere Tabellenwerte auf der Quellseite nicht vollständig angegeben;verified_wiki_table;https://tropico.fandom.com/wiki/Buildings_(Tropico_6);L365-L394;0;0;;0;0;nur statische Gebäudetabelle
food_stall;Imbissstand;Food Stall;"aus deutscher Benennungsliste; nicht vollständig gegen aktuelle Spiel-Lokalisierungsdateien geprüft";Zeitalter der Weltkriege;Öffentliche Dienste;Return to Nature;Ja;Nein;500;600;;;1;Ungebildet;45;+10 (Nahrung);3;;;Arm;Nein;1x1;;;;verified_wiki_table;https://tropico.fandom.com/wiki/Buildings_(Tropico_6);L365-L394;0;0;;0;0;nur statische Gebäudetabelle
outdoor_gym;Freiluft-Fitnessstudio;Outdoor Gym;"aus deutscher Benennungsliste; nicht vollständig gegen aktuelle Spiel-Lokalisierungsdateien geprüft";Zeitalter der Weltkriege;Öffentliche Dienste;Return to Nature;Ja;Nein;500;950;;;1;Ungebildet;45;+10 (Gesundheit);3;;;Pleite;Nein;1x2;;;;verified_wiki_table;https://tropico.fandom.com/wiki/Buildings_(Tropico_6);L365-L394;0;0;;0;0;nur statische Gebäudetabelle
watchtower;Beobachtungsturm;Watchtower;"aus deutscher Benennungsliste; nicht vollständig gegen aktuelle Spiel-Lokalisierungsdateien geprüft";Zeitalter der Weltkriege;Überfälle und Militär;Grundspiel;Ja;Nein;1000;600;;;3;Ungebildet;45;;;;;;Nein;1x1;;;;verified_wiki_table;https://tropico.fandom.com/wiki/Buildings_(Tropico_6);L396-L417;0;0;;0;0;nur statische Gebäudetabelle
barracks;Kaserne;Barracks;"aus deutscher Benennungsliste; nicht vollständig gegen aktuelle Spiel-Lokalisierungsdateien geprüft";Zeitalter der Weltkriege;Überfälle und Militär;Grundspiel;Ja;Nein;3000;6000;;;8;Ungebildet;40;;;;;;Nein;5x4;;;;verified_wiki_table;https://tropico.fandom.com/wiki/Buildings_(Tropico_6);L396-L417;0;0;;0;0;nur statische Gebäudetabelle
army_base;Militärstützpunkt;Army Base;"aus deutscher Benennungsliste; nicht vollständig gegen aktuelle Spiel-Lokalisierungsdateien geprüft";Zeitalter der Weltkriege;Überfälle und Militär;Grundspiel;Ja;Nein;7500;15000;;;2;Ungebildet;65;;;;;;Nein;6x5;;;;verified_wiki_table;https://tropico.fandom.com/wiki/Buildings_(Tropico_6);L396-L417;0;0;;0;0;nur statische Gebäudetabelle
commando_garrison;Kommandogarnison;Commando Garrison;"aus deutscher Benennungsliste; nicht vollständig gegen aktuelle Spiel-Lokalisierungsdateien geprüft";Zeitalter der Weltkriege;Überfälle und Militär;Grundspiel;Ja;Nein;4000;8000;;;6;Oberschule;55;;;;;;Ja;5x4;;;;verified_wiki_table;https://tropico.fandom.com/wiki/Buildings_(Tropico_6);L396-L417;0;0;;0;0;nur statische Gebäudetabelle
trade_institute;Handelsinstitut;Trade Institute;"aus deutscher Benennungsliste; nicht vollständig gegen aktuelle Spiel-Lokalisierungsdateien geprüft";Zeitalter der Weltkriege;Regierung und Finanzen;The Llama of Wall Street;Ja;Nein;5000;8500;;;4;Hochschule;60;;;;;;Nein;3x4;;;;verified_wiki_table;https://tropico.fandom.com/wiki/Buildings_(Tropico_6);L419-L437;0;0;;0;0;nur statische Gebäudetabelle
police_station;Polizeiwache;Police Station;"aus deutscher Benennungsliste; nicht vollständig gegen aktuelle Spiel-Lokalisierungsdateien geprüft";Zeitalter der Weltkriege;Regierung und Finanzen;Grundspiel;Ja;Nein;1400;2800;;;4;Ungebildet;60;;;;;;Ja;4x2;;;;verified_wiki_table;https://tropico.fandom.com/wiki/Buildings_(Tropico_6);L419-L437;0;0;;0;0;nur statische Gebäudetabelle
prison;Gefängnis;Prison;"aus deutscher Benennungsliste; nicht vollständig gegen aktuelle Spiel-Lokalisierungsdateien geprüft";Zeitalter der Weltkriege;Regierung und Finanzen;Grundspiel;Ja;Nein;6000;12000;;;6;Oberschule;50;;32 in Gewahrsam;;;;Nein;6x5;;;;verified_wiki_table;https://tropico.fandom.com/wiki/Buildings_(Tropico_6);L419-L437;0;0;;0;0;nur statische Gebäudetabelle
immigration_office;Einwanderungsbehörde;Immigration Office;"aus deutscher Benennungsliste; nicht vollständig gegen aktuelle Spiel-Lokalisierungsdateien geprüft";Zeitalter der Weltkriege;Regierung und Finanzen;Grundspiel;Ja;Nein;2000;4000;;;2;Hochschule;55;;;;;;Nein;3x3;;;;verified_wiki_table;https://tropico.fandom.com/wiki/Buildings_(Tropico_6);L419-L437;0;0;;0;0;nur statische Gebäudetabelle
customs_office;Zollamt;Customs Office;"aus deutscher Benennungsliste; nicht vollständig gegen aktuelle Spiel-Lokalisierungsdateien geprüft";Zeitalter der Weltkriege;Regierung und Finanzen;Grundspiel;Ja;Nein;4500;9000;;;5;Hochschule;60;;;;;;Nein;2x3;;;;verified_wiki_table;https://tropico.fandom.com/wiki/Buildings_(Tropico_6);L419-L437;0;0;;0;0;nur statische Gebäudetabelle
ministry;Ministerium;Ministry;"aus deutscher Benennungsliste; nicht vollständig gegen aktuelle Spiel-Lokalisierungsdateien geprüft";Zeitalter der Weltkriege;Regierung und Finanzen;Grundspiel;Ja;Nein;8000;16000;;;5;Ungebildet;85;;;;;;Nein;4x4;;;;verified_wiki_table;https://tropico.fandom.com/wiki/Buildings_(Tropico_6);L419-L437;0;0;;0;0;nur statische Gebäudetabelle
embassy;Botschaft;Embassy;"aus deutscher Benennungsliste; nicht vollständig gegen aktuelle Spiel-Lokalisierungsdateien geprüft";Zeitalter der Weltkriege;Regierung und Finanzen;Grundspiel;Ja;Nein;2500;5000;;;;;;;;;;;Nein;4x2;;;;verified_wiki_table;https://tropico.fandom.com/wiki/Buildings_(Tropico_6);L419-L437;0;0;;0;0;nur statische Gebäudetabelle
bank;Bank;Bank;"aus deutscher Benennungsliste; nicht vollständig gegen aktuelle Spiel-Lokalisierungsdateien geprüft";Zeitalter der Weltkriege;Regierung und Finanzen;Grundspiel;Ja;Nein;7500;15000;;;4;Hochschule;70;;;;;;Nein;5x2;;;;verified_wiki_table;https://tropico.fandom.com/wiki/Buildings_(Tropico_6);L419-L437;0;0;;0;0;nur statische Gebäudetabelle
corruption_agency;Korruptionsbehörde;Corruption Agency;"aus deutscher Benennungsliste; nicht vollständig gegen aktuelle Spiel-Lokalisierungsdateien geprüft";Zeitalter der Weltkriege;Regierung und Finanzen;Lobbyistico;Ja;Nein;4000;10000;;;4;Oberschule;65;;;;;;Ja;4x4;;;;verified_wiki_table;https://tropico.fandom.com/wiki/Buildings_(Tropico_6);L419-L437;0;0;;0;0;nur statische Gebäudetabelle
nuclear_power_plant;Atomkraftwerk;Nuclear Power Plant;"aus deutscher Benennungsliste; nicht vollständig gegen aktuelle Spiel-Lokalisierungsdateien geprüft";Kalter Krieg;Verkehr und Infrastruktur;Grundspiel;Ja;Nein;16000;32000;800;;4;Hochschule;;;;;;;Ja;8x6;;;;verified_wiki_table;https://tropico.fandom.com/wiki/Buildings_(Tropico_6);L143-L185;0;0;;0;0;nur statische Gebäudetabelle
metro_station;U-Bahn-Station;Metro Station;"aus deutscher Benennungsliste; nicht vollständig gegen aktuelle Spiel-Lokalisierungsdateien geprüft";Kalter Krieg;Verkehr und Infrastruktur;Grundspiel;Ja;Nein;1250;2500;-20;;2;Ungebildet;;;;;;;Nein;1x1;;;;verified_wiki_table;https://tropico.fandom.com/wiki/Buildings_(Tropico_6);L143-L185;0;0;;0;0;nur statische Gebäudetabelle
tidal_power_station;Gezeitenkraftwerk;Tidal Power Station;"aus deutscher Benennungsliste; nicht vollständig gegen aktuelle Spiel-Lokalisierungsdateien geprüft";Kalter Krieg;Verkehr und Infrastruktur;Tropican Shores;Ja;Nein;3500;14000;;;4;Oberschule;;;;;;;Nein;5x4, Wasser;;;;verified_wiki_table;https://tropico.fandom.com/wiki/Buildings_(Tropico_6);L143-L185;0;0;;0;0;nur statische Gebäudetabelle
fish_farm;Fischfarm;Fish Farm;"aus deutscher Benennungsliste; nicht vollständig gegen aktuelle Spiel-Lokalisierungsdateien geprüft";Kalter Krieg;Nahrung und Rohstoffe;Grundspiel;Ja;Nein;4000;8000;-10;;4;Oberschule;;;;;;;;3x4;;;;verified_wiki_table;https://tropico.fandom.com/wiki/Buildings_(Tropico_6);L187-L209;2;2;Fisch | Schalentiere;0;0;teilweise bis gut
oil_rig;Ölplattform;Oil Rig;"aus deutscher Benennungsliste; nicht vollständig gegen aktuelle Spiel-Lokalisierungsdateien geprüft";Kalter Krieg;Nahrung und Rohstoffe;Grundspiel;Ja;Nein;10000;20000;;;6;Oberschule;;;;;;;;3x2, Wasser;;;;verified_wiki_table;https://tropico.fandom.com/wiki/Buildings_(Tropico_6);L187-L209;1;1;Standard;0;0;teilweise bis gut
reclaimer;Rückgewinnungsanlage;Reclaimer;"aus deutscher Benennungsliste; nicht vollständig gegen aktuelle Spiel-Lokalisierungsdateien geprüft";Kalter Krieg;Nahrung und Rohstoffe;New Frontiers;Ja;Nein;2250;8500;-65;;;;;;;;;;;2x7;;;;verified_wiki_table;https://tropico.fandom.com/wiki/Buildings_(Tropico_6);L187-L209;1;0;;0;0;nur statische Gebäudetabelle
chocolate_factory;Schokoladenfabrik;Chocolate Factory;"aus deutscher Benennungsliste; nicht vollständig gegen aktuelle Spiel-Lokalisierungsdateien geprüft";Kalter Krieg;Industrie;Grundspiel;Ja;Nein;3250;6500;;;5;Ungebildet;;;;;;;;2x3;;;;verified_wiki_table;https://tropico.fandom.com/wiki/Buildings_(Tropico_6);L211-L245;2;2;Süße Schokolade | Dunkle Schokolade;0;0;teilweise bis gut
furniture_factory;Möbelfabrik;Furniture Factory;"aus deutscher Benennungsliste; nicht vollständig gegen aktuelle Spiel-Lokalisierungsdateien geprüft";Kalter Krieg;Industrie;Grundspiel;Ja;Nein;4000;8000;-25;;5;Ungebildet;;;;;;;;2x3;;;;verified_wiki_table;https://tropico.fandom.com/wiki/Buildings_(Tropico_6);L211-L245;2;2;Bretter | Kunststoffe;0;0;teilweise bis gut
jewelry_workshop;Juwelierwerkstatt;Jewelry Workshop;"aus deutscher Benennungsliste; nicht vollständig gegen aktuelle Spiel-Lokalisierungsdateien geprüft";Kalter Krieg;Industrie;Grundspiel;Ja;Nein;4750;9500;;;4;Oberschule;;;;;;;;3x2;;;;verified_wiki_table;https://tropico.fandom.com/wiki/Buildings_(Tropico_6);L211-L245;1;1;Standard;0;0;teilweise bis gut
plastics_plant;Kunststofffabrik;Plastics Plant;"aus deutscher Benennungsliste; nicht vollständig gegen aktuelle Spiel-Lokalisierungsdateien geprüft";Kalter Krieg;Industrie;Grundspiel;Ja;Nein;5250;10500;-25;;5;Ungebildet;;;;;;;;4x3;;;;verified_wiki_table;https://tropico.fandom.com/wiki/Buildings_(Tropico_6);L211-L245;4;4;Standardfertigung (Öl) | Standardfertigung (Mais) | Hochgeschwindigkeitsfertigung (Öl) | Hochgeschwindigkeitsfertigung (Mais);0;0;teilweise bis gut
vehicle_factory;Fahrzeugfabrik;Vehicle Factory;"aus deutscher Benennungsliste; nicht vollständig gegen aktuelle Spiel-Lokalisierungsdateien geprüft";Kalter Krieg;Industrie;Grundspiel;Ja;Nein;11000;22000;-50;;10;Oberschule;;;;;;;;6x3;;;;verified_wiki_table;https://tropico.fandom.com/wiki/Buildings_(Tropico_6);L211-L245;1;1;Standard;0;0;teilweise bis gut
conventillo;Conventillo;Conventillo;"aus deutscher Benennungsliste; nicht vollständig gegen aktuelle Spiel-Lokalisierungsdateien geprüft";Kalter Krieg;Wohnen;Grundspiel;Ja;Nein;1950;3900;;;;;;;;20;36;Arm;;3x3;;;;verified_wiki_table;https://tropico.fandom.com/wiki/Buildings_(Tropico_6);L247-L270;0;0;;0;0;nur statische Gebäudetabelle
tenement;Wohnblock;Tenement;"aus deutscher Benennungsliste; nicht vollständig gegen aktuelle Spiel-Lokalisierungsdateien geprüft";Kalter Krieg;Wohnen;Grundspiel;Ja;Nein;1750;3500;;;;;;;;16;40;Arm;;3x2;;;;verified_wiki_table;https://tropico.fandom.com/wiki/Buildings_(Tropico_6);L247-L270;0;0;;0;0;nur statische Gebäudetabelle
secure_mansion;Bewachte Villa;Secure Mansion;"aus deutscher Benennungsliste; nicht vollständig gegen aktuelle Spiel-Lokalisierungsdateien geprüft";Kalter Krieg;Wohnen;Grundspiel;Ja;Nein;5000;1650;;;;;;;;2;79;Reich;;3x2;;;;verified_wiki_table;https://tropico.fandom.com/wiki/Buildings_(Tropico_6);L247-L270;0;0;;0;0;nur statische Gebäudetabelle
capsule_home_cluster;Kapselwohnanlage;Capsule Home Cluster;"aus deutscher Benennungsliste; nicht vollständig gegen aktuelle Spiel-Lokalisierungsdateien geprüft";Kalter Krieg;Wohnen;New Frontiers;Ja;Nein;500;2500;-15;;;;;;;7 + 5 je Stapel;55;Arm;;2x2, stapelbar;;;;verified_wiki_table;https://tropico.fandom.com/wiki/Buildings_(Tropico_6);L247-L270;0;0;;0;0;nur statische Gebäudetabelle
floating_mansion;Schwimmende Villa;Floating Mansion;"aus deutscher Benennungsliste; nicht vollständig gegen aktuelle Spiel-Lokalisierungsdateien geprüft";Kalter Krieg;Wohnen;Tropican Shores;Ja;Nein;500;2000;-15;;;;;;;3;85;Reich;;4x3, Wasser;;;;verified_wiki_table;https://tropico.fandom.com/wiki/Buildings_(Tropico_6);L247-L270;0;0;;0;0;nur statische Gebäudetabelle
eco_apartment;Öko-Apartmenthaus;Eco Apartment;"aus deutscher Benennungsliste; nicht vollständig gegen aktuelle Spiel-Lokalisierungsdateien geprüft";Kalter Krieg;Wohnen;Return to Nature;Ja;Nein;1500;6000;-40;;;;;;;14;60;Wohlhabend;;5x3;;;;verified_wiki_table;https://tropico.fandom.com/wiki/Buildings_(Tropico_6);L247-L270;0;0;;0;0;nur statische Gebäudetabelle
arcade;Spielhalle;Arcade;"aus deutscher Benennungsliste; nicht vollständig gegen aktuelle Spiel-Lokalisierungsdateien geprüft";Kalter Krieg;Unterhaltung;Grundspiel;Ja;Nein;1200;2400;-10;;3;Ungebildet;50;50;12;;;Wohlhabend;;3x2;;;;verified_wiki_table;https://tropico.fandom.com/wiki/Buildings_(Tropico_6);L272-L296;0;0;;0;0;nur statische Gebäudetabelle
fast_food_joint;Fast-Food-Restaurant;Fast Food Joint;"aus deutscher Benennungsliste; nicht vollständig gegen aktuelle Spiel-Lokalisierungsdateien geprüft";Kalter Krieg;Unterhaltung;Grundspiel;Ja;Nein;1150;2300;;;4;Ungebildet;40;45;20;;;Arm;;2x2;;;;verified_wiki_table;https://tropico.fandom.com/wiki/Buildings_(Tropico_6);L272-L296;0;0;;0;0;nur statische Gebäudetabelle
fourth_dungeon_entrance;Vierter Kerkereingang;Fourth Dungeon Entrance;"aus deutscher Benennungsliste; nicht vollständig gegen aktuelle Spiel-Lokalisierungsdateien geprüft";Kalter Krieg;Unterhaltung;Grundspiel;Ja;Nein;1666;6666;;;3;Ungebildet;40;66;18;;;Pleite;;2x3, Berg;;;;verified_wiki_table;https://tropico.fandom.com/wiki/Buildings_(Tropico_6);L272-L296;0;0;;0;0;nur statische Gebäudetabelle
movie_theater;Kino;Movie Theater;"aus deutscher Benennungsliste; nicht vollständig gegen aktuelle Spiel-Lokalisierungsdateien geprüft";Kalter Krieg;Unterhaltung;Grundspiel;Ja;Nein;4720;9440;-20;;4;Ungebildet;60;70;24;;;Arm;;4x3;;;;verified_wiki_table;https://tropico.fandom.com/wiki/Buildings_(Tropico_6);L272-L296;0;0;;0;0;nur statische Gebäudetabelle
concert_stage;Konzertbühne;Concert Stage;"aus deutscher Benennungsliste; nicht vollständig gegen aktuelle Spiel-Lokalisierungsdateien geprüft";Kalter Krieg;Unterhaltung;Festival;Ja;Nein;3700;7400;-20;;4;Oberschule;55;;;;;Pleite;Ja;5x5;;;;verified_wiki_table;https://tropico.fandom.com/wiki/Buildings_(Tropico_6);L272-L296;0;0;;0;0;nur statische Gebäudetabelle
submarine_tours;U-Boot-Touren;Submarine Tours;"aus deutscher Benennungsliste; nicht vollständig gegen aktuelle Spiel-Lokalisierungsdateien geprüft";Kalter Krieg;Unterhaltung;Tropican Shores;Ja;Nein;1375;5500;;;4;Oberschule;45;70;24;;;Wohlhabend;;3x3, Wasser;;;;verified_wiki_table;https://tropico.fandom.com/wiki/Buildings_(Tropico_6);L272-L296;0;0;;0;0;nur statische Gebäudetabelle
casino;Kasino;Casino;"aus deutscher Benennungsliste; nicht vollständig gegen aktuelle Spiel-Lokalisierungsdateien geprüft";Kalter Krieg;Luxusunterhaltung;Grundspiel;Ja;Nein;4600;9200;-25;;6;Oberschule;60;70;24;;;Wohlhabend;;4x2;;;;verified_wiki_table;https://tropico.fandom.com/wiki/Buildings_(Tropico_6);L298-L316;0;0;;0;0;nur statische Gebäudetabelle
cocktail_bar;Cocktailbar;Cocktail Bar;"aus deutscher Benennungsliste; nicht vollständig gegen aktuelle Spiel-Lokalisierungsdateien geprüft";Kalter Krieg;Luxusunterhaltung;Grundspiel;Ja;Nein;1700;3400;;;3;Ungebildet;60;70;12;;;Wohlhabend;;2x2;;;;verified_wiki_table;https://tropico.fandom.com/wiki/Buildings_(Tropico_6);L298-L316;0;0;;0;0;nur statische Gebäudetabelle
golf_course;Golfplatz;Golf Course;"aus deutscher Benennungsliste; nicht vollständig gegen aktuelle Spiel-Lokalisierungsdateien geprüft";Kalter Krieg;Luxusunterhaltung;Grundspiel;Ja;Nein;6000;12000;;;4;Ungebildet;45;60;20;;;Wohlhabend;;5x5;;;;verified_wiki_table;https://tropico.fandom.com/wiki/Buildings_(Tropico_6);L298-L316;0;0;;0;0;nur statische Gebäudetabelle
gourmet_restaurant;Gourmetrestaurant;Gourmet Restaurant;"aus deutscher Benennungsliste; nicht vollständig gegen aktuelle Spiel-Lokalisierungsdateien geprüft";Kalter Krieg;Luxusunterhaltung;Grundspiel;Ja;Nein;8000;16000;-15;;6;Oberschule;65;80;12;;;Reich;;3x2;;;;verified_wiki_table;https://tropico.fandom.com/wiki/Buildings_(Tropico_6);L298-L316;0;0;;0;0;nur statische Gebäudetabelle
night_club;Nachtclub;Night Club;"aus deutscher Benennungsliste; nicht vollständig gegen aktuelle Spiel-Lokalisierungsdateien geprüft";Kalter Krieg;Luxusunterhaltung;Grundspiel;Ja;Nein;4900;9800;-16;;4;Ungebildet;50;65;20;;;Wohlhabend;;3x3;;;;verified_wiki_table;https://tropico.fandom.com/wiki/Buildings_(Tropico_6);L298-L316;0;0;;0;0;nur statische Gebäudetabelle
snorkel_bay;Schnorchelbucht;Snorkel Bay;"aus deutscher Benennungsliste; nicht vollständig gegen aktuelle Spiel-Lokalisierungsdateien geprüft";Kalter Krieg;Luxusunterhaltung;Grundspiel;Ja;Nein;1500;3000;;;4;Oberschule;60;65;12;;;Wohlhabend;;3x3, Wasser;;;;verified_wiki_table;https://tropico.fandom.com/wiki/Buildings_(Tropico_6);L298-L316;0;0;;0;0;nur statische Gebäudetabelle
the_golden_pearl;Die Goldene Perle;The Golden Pearl;"aus deutscher Benennungsliste; nicht vollständig gegen aktuelle Spiel-Lokalisierungsdateien geprüft";Kalter Krieg;Luxusunterhaltung;Tropican Shores;Ja;Nein;6000;0;;;8;Oberschule;65;90;24;;;Reich;;6x2;;;"Baukosten laut Wiki: 0 beim Baubeginn; Projektbau";verified_wiki_table;https://tropico.fandom.com/wiki/Buildings_(Tropico_6);L298-L316;0;0;;0;0;nur statische Gebäudetabelle
childhood_museum;Kindheitsmuseum;Childhood Museum;"aus deutscher Benennungsliste; nicht vollständig gegen aktuelle Spiel-Lokalisierungsdateien geprüft";Kalter Krieg;Medien und Bildung;Grundspiel;Ja;Nein;3750;7500;;;4;Oberschule;55;60 (Spaß);16;;;Pleite;;3x3;;;;verified_wiki_table;https://tropico.fandom.com/wiki/Buildings_(Tropico_6);L318-L334;0;0;;0;0;nur statische Gebäudetabelle
mausoleum;Mausoleum;Mausoleum;"aus deutscher Benennungsliste; nicht vollständig gegen aktuelle Spiel-Lokalisierungsdateien geprüft";Kalter Krieg;Medien und Bildung;Grundspiel;Ja;Nein;14000;28000;-20;;4;Oberschule;60;60 (Spaß);20;;;Pleite;;4x4;;;;verified_wiki_table;https://tropico.fandom.com/wiki/Buildings_(Tropico_6);L318-L334;0;0;;0;0;nur statische Gebäudetabelle
tv_station;Fernsehsender;TV Station;"aus deutscher Benennungsliste; nicht vollständig gegen aktuelle Spiel-Lokalisierungsdateien geprüft";Kalter Krieg;Medien und Bildung;Grundspiel;Ja;Nein;4100;8200;-45;;4;Oberschule;70;;;;;;;2x2;;;;verified_wiki_table;https://tropico.fandom.com/wiki/Buildings_(Tropico_6);L318-L334;0;0;;0;0;nur statische Gebäudetabelle
inspiring_billboard;Inspirierende Werbetafel;Inspiring Billboard;"aus deutscher Benennungsliste; nicht vollständig gegen aktuelle Spiel-Lokalisierungsdateien geprüft";Kalter Krieg;Medien und Bildung;Grundspiel;Ja;Nein;1000;450;;;;;;;;;;;;1x1, auf Straße;;;;verified_wiki_table;https://tropico.fandom.com/wiki/Buildings_(Tropico_6);L318-L334;0;0;;0;0;nur statische Gebäudetabelle
inspiring_statue;Inspirierende Statue;Inspiring Statue;"aus deutscher Benennungsliste; nicht vollständig gegen aktuelle Spiel-Lokalisierungsdateien geprüft";Kalter Krieg;Medien und Bildung;Grundspiel;Ja;Nein;2500;5000;;;;;;;;;;;;1x1;;;;verified_wiki_table;https://tropico.fandom.com/wiki/Buildings_(Tropico_6);L318-L334;0;0;;0;0;nur statische Gebäudetabelle
research_lab;Forschungslabor;Research Lab;"aus deutscher Benennungsliste; nicht vollständig gegen aktuelle Spiel-Lokalisierungsdateien geprüft";Kalter Krieg;Medien und Bildung;Grundspiel;Ja;Nein;8000;16000;-75;;5;Hochschule;70;;;;;;;4x4;;;;verified_wiki_table;https://tropico.fandom.com/wiki/Buildings_(Tropico_6);L318-L334;0;0;;0;0;nur statische Gebäudetabelle
space_program;Raumfahrtprogramm;Space Program;"aus deutscher Benennungsliste; nicht vollständig gegen aktuelle Spiel-Lokalisierungsdateien geprüft";Kalter Krieg;Medien und Bildung;Grundspiel;Ja;Nein;21000;42000;-100;;10;Hochschule;80;;;;;;;7x5;;;;verified_wiki_table;https://tropico.fandom.com/wiki/Buildings_(Tropico_6);L318-L334;0;0;;0;0;nur statische Gebäudetabelle
nuclear_program;Atomprogramm;Nuclear Program;"aus deutscher Benennungsliste; nicht vollständig gegen aktuelle Spiel-Lokalisierungsdateien geprüft";Kalter Krieg;Medien und Bildung;Grundspiel;Ja;Nein;17500;35000;-100;;6;Hochschule;75;;;;;;;6x5;;;;verified_wiki_table;https://tropico.fandom.com/wiki/Buildings_(Tropico_6);L318-L334;0;0;;0;0;nur statische Gebäudetabelle
tourist_port;Touristenhafen;Tourist Port;"aus deutscher Benennungsliste; nicht vollständig gegen aktuelle Spiel-Lokalisierungsdateien geprüft";Kalter Krieg;Tourismus;Grundspiel;Ja;Nein;4500;9000;;;5;Ungebildet;55;;;;;Wohlhabend, Reich;;10x4, Küste;;;;verified_wiki_table;https://tropico.fandom.com/wiki/Buildings_(Tropico_6);L336-L362;0;0;;0;0;nur statische Gebäudetabelle
cabin;Ferienhütte;Cabin;"aus deutscher Benennungsliste; nicht vollständig gegen aktuelle Spiel-Lokalisierungsdateien geprüft";Kalter Krieg;Tourismus;Grundspiel;Ja;Nein;1000;700;;;;;;;1 Zimmer;;40;Wohlhabend oder besser;;1x1;;;;verified_wiki_table;https://tropico.fandom.com/wiki/Buildings_(Tropico_6);L336-L362;0;0;;0;0;nur statische Gebäudetabelle
beach_villa;Strandvilla;Beach Villa;"aus deutscher Benennungsliste; nicht vollständig gegen aktuelle Spiel-Lokalisierungsdateien geprüft";Kalter Krieg;Tourismus;Grundspiel;Ja;Nein;1000;1100;;;1;Oberschule;50;;2 Zimmer;;57;Reich, sehr reich;;2x1;;;;verified_wiki_table;https://tropico.fandom.com/wiki/Buildings_(Tropico_6);L336-L362;0;0;;0;0;nur statische Gebäudetabelle
cabana_village;Bungalowdorf;Cabana Village;"aus deutscher Benennungsliste; nicht vollständig gegen aktuelle Spiel-Lokalisierungsdateien geprüft";Kalter Krieg;Tourismus;Grundspiel;Ja;Nein;1000;1900;;;2;Ungebildet;45;;6 Zimmer;;46;Wohlhabend oder besser;;5x2;;;;verified_wiki_table;https://tropico.fandom.com/wiki/Buildings_(Tropico_6);L336-L362;0;0;;0;0;nur statische Gebäudetabelle
motel;Motel;Motel;"aus deutscher Benennungsliste; nicht vollständig gegen aktuelle Spiel-Lokalisierungsdateien geprüft";Kalter Krieg;Tourismus;Grundspiel;Ja;Nein;1075;2150;;;2;Ungebildet;40;;8 Zimmer;;32;Wohlhabend oder besser;;3x2;;;;verified_wiki_table;https://tropico.fandom.com/wiki/Buildings_(Tropico_6);L336-L362;0;0;;0;0;nur statische Gebäudetabelle
hotel;Hotel;Hotel;"aus deutscher Benennungsliste; nicht vollständig gegen aktuelle Spiel-Lokalisierungsdateien geprüft";Kalter Krieg;Tourismus;Grundspiel;Ja;Nein;2200;4400;;;4;Ungebildet;45;;12 Zimmer;;50;Wohlhabend oder besser;;3x2;;;;verified_wiki_table;https://tropico.fandom.com/wiki/Buildings_(Tropico_6);L336-L362;0;0;;0;0;nur statische Gebäudetabelle
scenic_outlook;Aussichtspunkt;Scenic Outlook;"aus deutscher Benennungsliste; nicht vollständig gegen aktuelle Spiel-Lokalisierungsdateien geprüft";Kalter Krieg;Tourismus;Grundspiel;Ja;Nein;1000;500;;;;;;45 (Spaß);4;;;Wohlhabend oder besser;;2x1;;;;verified_wiki_table;https://tropico.fandom.com/wiki/Buildings_(Tropico_6);L336-L362;0;0;;0;0;nur statische Gebäudetabelle
souvenir_shop;Souvenirladen;Souvenir Shop;"aus deutscher Benennungsliste; nicht vollständig gegen aktuelle Spiel-Lokalisierungsdateien geprüft";Kalter Krieg;Tourismus;Grundspiel;Ja;Nein;1000;1320;;;2;Ungebildet;45;55 (Spaß);12;;;Wohlhabend oder besser;;2x1;;;;verified_wiki_table;https://tropico.fandom.com/wiki/Buildings_(Tropico_6);L336-L362;0;0;;0;0;nur statische Gebäudetabelle
tour_office;Tourbüro;Tour Office;"aus deutscher Benennungsliste; nicht vollständig gegen aktuelle Spiel-Lokalisierungsdateien geprüft";Kalter Krieg;Tourismus;Grundspiel;Ja;Nein;1200;2400;;;3;Ungebildet;45;60 (Spaß);24;;;Wohlhabend oder besser;;2x1;;;;verified_wiki_table;https://tropico.fandom.com/wiki/Buildings_(Tropico_6);L336-L362;0;0;;0;0;nur statische Gebäudetabelle
ancient_ruins;Antike Ruinen;Ancient Ruins;"aus deutscher Benennungsliste; nicht vollständig gegen aktuelle Spiel-Lokalisierungsdateien geprüft";Kalter Krieg;Tourismus;Grundspiel;Ja;Nein;1250;2500;;;4;Ungebildet;50;75 (Spaß);24;;;Wohlhabend oder besser;;5x5, Ruinenstätte;;;;verified_wiki_table;https://tropico.fandom.com/wiki/Buildings_(Tropico_6);L336-L362;0;0;;0;0;nur statische Gebäudetabelle
ethnic_enclave;Ethnisches Viertel;Ethnic Enclave;"aus deutscher Benennungsliste; nicht vollständig gegen aktuelle Spiel-Lokalisierungsdateien geprüft";Kalter Krieg;Tourismus;Grundspiel;Ja;Nein;3300;6600;;;4;Ungebildet;50;60 (Spaß);16;;;Wohlhabend oder besser;;3x2;;;;verified_wiki_table;https://tropico.fandom.com/wiki/Buildings_(Tropico_6);L336-L362;0;0;;0;0;nur statische Gebäudetabelle
balloon_tours;Ballonfahrten;Balloon Tours;"aus deutscher Benennungsliste; nicht vollständig gegen aktuelle Spiel-Lokalisierungsdateien geprüft";Kalter Krieg;Tourismus;Caribbean Skies;Ja;Nein;2500;5000;;;4;Ungebildet;45;45 (Spaß);32;;;Wohlhabend;Ja;2x2;;;;verified_wiki_table;https://tropico.fandom.com/wiki/Buildings_(Tropico_6);L336-L362;0;0;;0;0;nur statische Gebäudetabelle
ticket_booth;Ticketschalter;Ticket Booth;"aus deutscher Benennungsliste; nicht vollständig gegen aktuelle Spiel-Lokalisierungsdateien geprüft";Kalter Krieg;Tourismus;Festival;Ja;Nein;4000;8000;;;2;Ungebildet;45;40 (Spaß);10;;;Wohlhabend oder besser;;2x1;;;;verified_wiki_table;https://tropico.fandom.com/wiki/Buildings_(Tropico_6);L336-L362;0;0;;0;0;nur statische Gebäudetabelle
capsule_hotel;Kapselhotel;Capsule Hotel;"aus deutscher Benennungsliste; nicht vollständig gegen aktuelle Spiel-Lokalisierungsdateien geprüft";Kalter Krieg;Tourismus;New Frontiers;Ja;Nein;500;1700;-10;;5;Ungebildet;50;;8 Zimmer + 6 je Stapel;;62;Reich oder besser;;2x2;;;;verified_wiki_table;https://tropico.fandom.com/wiki/Buildings_(Tropico_6);L336-L362;0;0;;0;0;nur statische Gebäudetabelle
campsite;Campingplatz;Campsite;"aus deutscher Benennungsliste; nicht vollständig gegen aktuelle Spiel-Lokalisierungsdateien geprüft";Kalter Krieg;Tourismus;Return to Nature;Ja;Nein;500;2000;;;1;Ungebildet;40;;4;;30;Wohlhabend oder besser;;3x3;;;;verified_wiki_table;https://tropico.fandom.com/wiki/Buildings_(Tropico_6);L336-L362;0;0;;0;0;nur statische Gebäudetabelle
cathedral;Kathedrale;Cathedral;"aus deutscher Benennungsliste; nicht vollständig gegen aktuelle Spiel-Lokalisierungsdateien geprüft";Kalter Krieg;Öffentliche Dienste;Grundspiel;Ja;Nein;6300;12600;;;4;Hochschule;80;80 (Glaube);32;;;Pleite;Nein;5x4;;;;verified_wiki_table;https://tropico.fandom.com/wiki/Buildings_(Tropico_6);L365-L394;0;0;;0;0;nur statische Gebäudetabelle
hospital;Krankenhaus;Hospital;"aus deutscher Benennungsliste; nicht vollständig gegen aktuelle Spiel-Lokalisierungsdateien geprüft";Kalter Krieg;Öffentliche Dienste;Grundspiel;Ja;Nein;3900;7800;-35;;4;Hochschule;65;80 (Gesundheit);24;;;Wohlhabend;Nein;3x3;;;;verified_wiki_table;https://tropico.fandom.com/wiki/Buildings_(Tropico_6);L365-L394;0;0;;0;0;nur statische Gebäudetabelle
asylum;Psychiatrie;Asylum;"aus deutscher Benennungsliste; nicht vollständig gegen aktuelle Spiel-Lokalisierungsdateien geprüft";Kalter Krieg;Öffentliche Dienste;Grundspiel;Ja;Nein;3750;7500;;;6;Hochschule;50;;12 in Gewahrsam;;;;Nein;5x4;;;;verified_wiki_table;https://tropico.fandom.com/wiki/Buildings_(Tropico_6);L365-L394;0;0;;0;0;nur statische Gebäudetabelle
garbage_dump;Müllkippe;Garbage Dump;"aus deutscher Benennungsliste; nicht vollständig gegen aktuelle Spiel-Lokalisierungsdateien geprüft";Kalter Krieg;Öffentliche Dienste;Grundspiel;Ja;Nein;500;1000;;;3;Ungebildet;30;;;;;;Ja;4x3;;;;verified_wiki_table;https://tropico.fandom.com/wiki/Buildings_(Tropico_6);L365-L394;0;0;;0;0;nur statische Gebäudetabelle
mobile_doctor_squad;Mobiles Ärzteteam;Mobile Doctor Squad;"aus deutscher Benennungsliste; nicht vollständig gegen aktuelle Spiel-Lokalisierungsdateien geprüft";Kalter Krieg;Öffentliche Dienste;Going Viral;Ja;Nein;1500;12000;;;3;Hochschule;65;54 (Gesundheit);;;;;Ja;4x4;;;;verified_wiki_table;https://tropico.fandom.com/wiki/Buildings_(Tropico_6);L365-L394;0;0;;0;0;nur statische Gebäudetabelle
security_checkpoint;Sicherheitskontrollpunkt;Security Checkpoint;"aus deutscher Benennungsliste; nicht vollständig gegen aktuelle Spiel-Lokalisierungsdateien geprüft";Kalter Krieg;Überfälle und Militär;Grundspiel;Ja;Nein;1000;480;;;1;Ungebildet;45;;;;;;Ja;1x1, auf Straße;;;;verified_wiki_table;https://tropico.fandom.com/wiki/Buildings_(Tropico_6);L396-L417;0;0;;0;0;nur statische Gebäudetabelle
aircraft_carrier;Flugzeugträger;Aircraft Carrier;"aus deutscher Benennungsliste; nicht vollständig gegen aktuelle Spiel-Lokalisierungsdateien geprüft";Kalter Krieg;Überfälle und Militär;Grundspiel;Ja;Nein;17500;35000;;;4;Ungebildet;80;;;;;;Nein;10x3, Wasser;;;;verified_wiki_table;https://tropico.fandom.com/wiki/Buildings_(Tropico_6);L396-L417;0;0;;0;0;nur statische Gebäudetabelle
spy_academy;Spionageakademie;Spy Academy;"aus deutscher Benennungsliste; nicht vollständig gegen aktuelle Spiel-Lokalisierungsdateien geprüft";Kalter Krieg;Überfälle und Militär;Grundspiel;Ja;Nein;6000;12000;;;3;Hochschule;65;;;;;;Ja;3x3;;;;verified_wiki_table;https://tropico.fandom.com/wiki/Buildings_(Tropico_6);L396-L417;0;0;;0;0;nur statische Gebäudetabelle
spaceport_complex;Weltraumbahnhof-Komplex;Spaceport Complex;"aus deutscher Benennungsliste; nicht vollständig gegen aktuelle Spiel-Lokalisierungsdateien geprüft";Kalter Krieg;Überfälle und Militär;New Frontiers;Ja;Nein;2500;55000;-200;;8;Hochschule;80;;;;;;Ja;16x15;;;;verified_wiki_table;https://tropico.fandom.com/wiki/Buildings_(Tropico_6);L396-L417;0;0;;0;0;nur statische Gebäudetabelle
crew_cabin_assembly;Montage der Mannschaftskabine;Crew Cabin Assembly;"aus deutscher Benennungsliste; nicht vollständig gegen aktuelle Spiel-Lokalisierungsdateien geprüft";Kalter Krieg;Überfälle und Militär;New Frontiers;Ja;Ja;1500;9500;-30;;4;Oberschule;62;;;;;;Nein;Weltraumbahnhof-Slot;;;;verified_wiki_table;https://tropico.fandom.com/wiki/Buildings_(Tropico_6);L396-L417;0;0;;0;0;nur statische Gebäudetabelle
cargo_hold_assembly;Montage des Frachtraums;Cargo Hold Assembly;"aus deutscher Benennungsliste; nicht vollständig gegen aktuelle Spiel-Lokalisierungsdateien geprüft";Kalter Krieg;Überfälle und Militär;New Frontiers;Ja;Ja;1500;15000;-30;;4;Oberschule;62;;;;;;Nein;Weltraumbahnhof-Slot;;;;verified_wiki_table;https://tropico.fandom.com/wiki/Buildings_(Tropico_6);L396-L417;0;0;;0;0;nur statische Gebäudetabelle
fuel_tank_assembly;Montage des Treibstofftanks;Fuel Tank Assembly;"aus deutscher Benennungsliste; nicht vollständig gegen aktuelle Spiel-Lokalisierungsdateien geprüft";Kalter Krieg;Überfälle und Militär;New Frontiers;Ja;Ja;1500;9500;-30;;4;Oberschule;62;;;;;;Nein;Weltraumbahnhof-Slot;;;;verified_wiki_table;https://tropico.fandom.com/wiki/Buildings_(Tropico_6);L396-L417;0;0;;0;0;nur statische Gebäudetabelle
rocket_engine_assembly;Montage des Raketentriebwerks;Rocket Engine Assembly;"aus deutscher Benennungsliste; nicht vollständig gegen aktuelle Spiel-Lokalisierungsdateien geprüft";Kalter Krieg;Überfälle und Militär;New Frontiers;Ja;Ja;1500;8000;-30;;4;Oberschule;55;;;;;;Nein;Weltraumbahnhof-Slot;;;;verified_wiki_table;https://tropico.fandom.com/wiki/Buildings_(Tropico_6);L396-L417;0;0;;0;0;nur statische Gebäudetabelle
medical_checkpoint;Medizinischer Kontrollpunkt;Medical Checkpoint;"aus deutscher Benennungsliste; nicht vollständig gegen aktuelle Spiel-Lokalisierungsdateien geprüft";Kalter Krieg;Überfälle und Militär;Going Viral;Ja;Nein;500;500;;;1;Ungebildet;50;;;;;;Ja;1x1, auf Straße;;;;verified_wiki_table;https://tropico.fandom.com/wiki/Buildings_(Tropico_6);L396-L417;0;0;;0;0;nur statische Gebäudetabelle
courthouse;Gerichtsgebäude;Courthouse;"aus deutscher Benennungsliste; nicht vollständig gegen aktuelle Spiel-Lokalisierungsdateien geprüft";Kalter Krieg;Regierung und Finanzen;Grundspiel;Ja;Nein;4000;8000;;;3;Hochschule;75;;;;;;Nein;5x3;;;;verified_wiki_table;https://tropico.fandom.com/wiki/Buildings_(Tropico_6);L419-L437;0;0;;0;0;nur statische Gebäudetabelle
ministry_of_information;Informationsministerium;Ministry of Information;"aus deutscher Benennungsliste; nicht vollständig gegen aktuelle Spiel-Lokalisierungsdateien geprüft";Kalter Krieg;Regierung und Finanzen;Grundspiel;Ja;Nein;9000;18000;;;10;Hochschule;75;;;;;;Nein;5x3;;;;verified_wiki_table;https://tropico.fandom.com/wiki/Buildings_(Tropico_6);L419-L437;0;0;;0;0;nur statische Gebäudetabelle
teleferic_station;Seilbahnstation;Teleferic Station;"aus deutscher Benennungsliste; nicht vollständig gegen aktuelle Spiel-Lokalisierungsdateien geprüft";Moderne Zeit;Verkehr und Infrastruktur;Grundspiel;Ja;Nein;2250;9000;-15;;4;Ungebildet;;;;;;;Nein;2x2;;;;verified_wiki_table;https://tropico.fandom.com/wiki/Buildings_(Tropico_6);L143-L185;0;0;;0;0;nur statische Gebäudetabelle
wind_turbine;Windrad;Wind Turbine;"aus deutscher Benennungsliste; nicht vollständig gegen aktuelle Spiel-Lokalisierungsdateien geprüft";Moderne Zeit;Verkehr und Infrastruktur;Grundspiel;Ja;Nein;1250;2500;70;;;;;;;;;;Nein;2x2;;;;verified_wiki_table;https://tropico.fandom.com/wiki/Buildings_(Tropico_6);L143-L185;0;0;;0;0;nur statische Gebäudetabelle
offshore_wind_turbine;Offshore-Windrad;Offshore Wind Turbine;"aus deutscher Benennungsliste; nicht vollständig gegen aktuelle Spiel-Lokalisierungsdateien geprüft";Moderne Zeit;Verkehr und Infrastruktur;Grundspiel;Ja;Nein;5000;9500;65;;;;;;;;;;Nein;8x8, Wasser;;;;verified_wiki_table;https://tropico.fandom.com/wiki/Buildings_(Tropico_6);L143-L185;0;0;;0;0;nur statische Gebäudetabelle
solar_power_plant;Solarkraftwerk;Solar Power Plant;"aus deutscher Benennungsliste; nicht vollständig gegen aktuelle Spiel-Lokalisierungsdateien geprüft";Moderne Zeit;Verkehr und Infrastruktur;Grundspiel;Ja;Nein;9000;18000;450;Wiki nennt zusätzlich 495 MW bei 100 % in einer Variante;3;Oberschule;;;;;;;Nein;7x7;;;;verified_wiki_table;https://tropico.fandom.com/wiki/Buildings_(Tropico_6);L143-L185;0;0;;0;0;nur statische Gebäudetabelle
drone_delivery_service;Drohnen-Lieferdienst;Drone Delivery Service;"aus deutscher Benennungsliste; nicht vollständig gegen aktuelle Spiel-Lokalisierungsdateien geprüft";Moderne Zeit;Verkehr und Infrastruktur;Caribbean Skies;Ja;Nein;1000;1500;-20;;3;Ungebildet;;;;;;;Nein;1x2;;;;verified_wiki_table;https://tropico.fandom.com/wiki/Buildings_(Tropico_6);L143-L185;0;0;;0;0;nur statische Gebäudetabelle
drone_taxi;Drohnentaxi;Drone Taxi;"aus deutscher Benennungsliste; nicht vollständig gegen aktuelle Spiel-Lokalisierungsdateien geprüft";Moderne Zeit;Verkehr und Infrastruktur;Caribbean Skies;Ja;Nein;5000;10800;;;3;Hochschule;;;;;;;Ja;3x3;;;;verified_wiki_table;https://tropico.fandom.com/wiki/Buildings_(Tropico_6);L143-L185;0;0;;0;0;nur statische Gebäudetabelle
fusion_reactor;Fusionsreaktor;Fusion Reactor;"aus deutscher Benennungsliste; nicht vollständig gegen aktuelle Spiel-Lokalisierungsdateien geprüft";Moderne Zeit;Verkehr und Infrastruktur;New Frontiers;Ja;Nein;5000;36000;900;;5;Hochschule;;;;;;;Nein;11x6, Küste;;;;verified_wiki_table;https://tropico.fandom.com/wiki/Buildings_(Tropico_6);L143-L185;0;0;;0;0;nur statische Gebäudetabelle
hydroponic_plantation;Hydrokulturplantage;Hydroponic Plantation;"aus deutscher Benennungsliste; nicht vollständig gegen aktuelle Spiel-Lokalisierungsdateien geprüft";Moderne Zeit;Nahrung und Rohstoffe;Grundspiel;Ja;Nein;2000;4000;-30;;4;Oberschule;;;;;;;;3x6;;;;verified_wiki_table;https://tropico.fandom.com/wiki/Buildings_(Tropico_6);L187-L209;9;9;Mais | Banane | Ananas | Zucker | Kakao | Tabak | Kaffee | Baumwolle | Gummi;0;0;teilweise bis gut
factory_ranch;Industrielle Ranch;Factory Ranch;"aus deutscher Benennungsliste; nicht vollständig gegen aktuelle Spiel-Lokalisierungsdateien geprüft";Moderne Zeit;Nahrung und Rohstoffe;Grundspiel;Ja;Nein;2500;5000;-25;;4;Ungebildet;;;;;;;;4x4;;;;verified_wiki_table;https://tropico.fandom.com/wiki/Buildings_(Tropico_6);L187-L209;8;8;Rinder (Fleischschwerpunkt) | Rinder (Häuteschwerpunkt) | Schafe (Wollschwerpunkt) | Schafe (Milchschwerpunkt) | Krokodile | Schweine | Lamas | Ziegen;0;0;teilweise bis gut
automated_mine;Automatisierte Mine;Automated Mine;"aus deutscher Benennungsliste; nicht vollständig gegen aktuelle Spiel-Lokalisierungsdateien geprüft";Moderne Zeit;Nahrung und Rohstoffe;Grundspiel;Ja;Nein;4500;9000;-50;;3;Ungebildet;;;;;;;;3x4;;;;verified_wiki_table;https://tropico.fandom.com/wiki/Buildings_(Tropico_6);L187-L209;6;6;Kohle | Eisen | Gold | Uran | Aluminium | Nickel;0;0;teilweise bis gut
agriculture_tower;Landwirtschaftsturm;Agriculture Tower;"aus deutscher Benennungsliste; nicht vollständig gegen aktuelle Spiel-Lokalisierungsdateien geprüft";Moderne Zeit;Nahrung und Rohstoffe;New Frontiers;Ja;Nein;3500;4000;-27;;4;Oberschule;;;;;;;;5x5, stapelbar;;;;verified_wiki_table;https://tropico.fandom.com/wiki/Buildings_(Tropico_6);L187-L209;1;0;;0;0;nur statische Gebäudetabelle
synthetic_food_lab;Labor für synthetische Nahrung;Synthetic Food Lab;"aus deutscher Benennungsliste; nicht vollständig gegen aktuelle Spiel-Lokalisierungsdateien geprüft";Moderne Zeit;Nahrung und Rohstoffe;New Frontiers;Ja;Nein;2500;3500;-15;;4;Oberschule;;;;;;;;4x4, stapelbar;;;;verified_wiki_table;https://tropico.fandom.com/wiki/Buildings_(Tropico_6);L187-L209;1;0;;0;0;nur statische Gebäudetabelle
electronics_factory;Elektronikfabrik;Electronics Factory;"aus deutscher Benennungsliste; nicht vollständig gegen aktuelle Spiel-Lokalisierungsdateien geprüft";Moderne Zeit;Industrie;Grundspiel;Ja;Nein;12500;25000;-60;;8;Oberschule;;;;;;;;4x3;;;;verified_wiki_table;https://tropico.fandom.com/wiki/Buildings_(Tropico_6);L211-L245;1;1;Standard;0;0;teilweise bis gut
fashion_company;Modeunternehmen;Fashion Company;"aus deutscher Benennungsliste; nicht vollständig gegen aktuelle Spiel-Lokalisierungsdateien geprüft";Moderne Zeit;Industrie;Grundspiel;Ja;Nein;9000;18000;-25;;4;Ungebildet;;;;;;;;4x2;;;;verified_wiki_table;https://tropico.fandom.com/wiki/Buildings_(Tropico_6);L211-L245;3;3;Leder | Stoff | Leder und Stoff;0;0;teilweise bis gut
pharmaceutical_company;Pharmaunternehmen;Pharmaceutical Company;"aus deutscher Benennungsliste; nicht vollständig gegen aktuelle Spiel-Lokalisierungsdateien geprüft";Moderne Zeit;Industrie;Grundspiel;Ja;Nein;14000;28000;-80;;6;Oberschule;;;;;;;;4x3;;;;verified_wiki_table;https://tropico.fandom.com/wiki/Buildings_(Tropico_6);L211-L245;2;2;Echte Generika | Starke Placebos;0;0;teilweise bis gut
juicery;Saftfabrik;Juicery;"aus deutscher Benennungsliste; nicht vollständig gegen aktuelle Spiel-Lokalisierungsdateien geprüft";Moderne Zeit;Industrie;Grundspiel;Ja;Nein;6000;12000;-30;;5;Ungebildet;;;;;;;;4x3;;;;verified_wiki_table;https://tropico.fandom.com/wiki/Buildings_(Tropico_6);L211-L245;6;6;Banane | Ananas | Kokosnuss | Banane-Ananas | Banane-Kokosnuss | Kokosnuss-Ananas;0;0;teilweise bis gut
smart_furniture_studio;Studio für intelligente Möbel;Smart Furniture Studio;"aus deutscher Benennungsliste; nicht vollständig gegen aktuelle Spiel-Lokalisierungsdateien geprüft";Moderne Zeit;Industrie;The Llama of Wall Street;Ja;Nein;11000;25000;-35;;10;Ungebildet;;;;;;;;2x4;;;;verified_wiki_table;https://tropico.fandom.com/wiki/Buildings_(Tropico_6);L211-L245;1;0;;0;0;nur statische Gebäudetabelle
drone_factory;Drohnenfabrik;Drone Factory;"aus deutscher Benennungsliste; nicht vollständig gegen aktuelle Spiel-Lokalisierungsdateien geprüft";Moderne Zeit;Industrie;Caribbean Skies;Ja;Nein;3000;15000;-60;;8;Ungebildet;;;;;;;;3x5;;;;verified_wiki_table;https://tropico.fandom.com/wiki/Buildings_(Tropico_6);L211-L245;1;0;;0;0;nur statische Gebäudetabelle
battery_plant;Batteriefabrik;Battery Plant;"aus deutscher Benennungsliste; nicht vollständig gegen aktuelle Spiel-Lokalisierungsdateien geprüft";Moderne Zeit;Industrie;Caribbean Skies;Ja;Nein;5250;10500;-50;;10;Ungebildet;;;;;;;;3x6;;;;verified_wiki_table;https://tropico.fandom.com/wiki/Buildings_(Tropico_6);L211-L245;1;0;;0;0;nur statische Gebäudetabelle
modern_apartment;Modernes Apartmenthaus;Modern Apartment;"aus deutscher Benennungsliste; nicht vollständig gegen aktuelle Spiel-Lokalisierungsdateien geprüft";Moderne Zeit;Wohnen;Grundspiel;Ja;Nein;4325;8650;-50;;;;;;;16;80;Wohlhabend;;3x2;;;;verified_wiki_table;https://tropico.fandom.com/wiki/Buildings_(Tropico_6);L247-L270;0;0;;0;0;nur statische Gebäudetabelle
modern_mansion;Moderne Villa;Modern Mansion;"aus deutscher Benennungsliste; nicht vollständig gegen aktuelle Spiel-Lokalisierungsdateien geprüft";Moderne Zeit;Wohnen;Grundspiel;Ja;Nein;1025;2050;-18;;;;;;;3;90;Reich;;3x2;;;;verified_wiki_table;https://tropico.fandom.com/wiki/Buildings_(Tropico_6);L247-L270;0;0;;0;0;nur statische Gebäudetabelle
dome_habitat;Kuppelhabitat;Dome Habitat;"aus deutscher Benennungsliste; nicht vollständig gegen aktuelle Spiel-Lokalisierungsdateien geprüft";Moderne Zeit;Wohnen;New Frontiers;Ja;Nein;5000;8500;-50;;;;;;;15;75;Wohlhabend;;8x8;;;;verified_wiki_table;https://tropico.fandom.com/wiki/Buildings_(Tropico_6);L247-L270;0;0;;0;0;nur statische Gebäudetabelle
aqua_park;Wasserpark;Aqua Park;"aus deutscher Benennungsliste; nicht vollständig gegen aktuelle Spiel-Lokalisierungsdateien geprüft";Moderne Zeit;Unterhaltung;Grundspiel;Ja;Nein;4500;9000;-15;;3;Ungebildet;50;70;18;;;Wohlhabend;;4x3;;;;verified_wiki_table;https://tropico.fandom.com/wiki/Buildings_(Tropico_6);L272-L296;0;0;;0;0;nur statische Gebäudetabelle
rollercoaster;Achterbahn;Rollercoaster;"aus deutscher Benennungsliste; nicht vollständig gegen aktuelle Spiel-Lokalisierungsdateien geprüft";Moderne Zeit;Unterhaltung;Grundspiel;Ja;Nein;4700;9400;-35;;3;Ungebildet;50;70;18;;;Arm;;6x4;;;;verified_wiki_table;https://tropico.fandom.com/wiki/Buildings_(Tropico_6);L272-L296;0;0;;0;0;nur statische Gebäudetabelle
stadium;Stadion;Stadium;"aus deutscher Benennungsliste; nicht vollständig gegen aktuelle Spiel-Lokalisierungsdateien geprüft";Moderne Zeit;Unterhaltung;Grundspiel;Ja;Nein;10500;21000;-60;;12;Ungebildet;50;80;60;;;Wohlhabend;;9x5;;;;verified_wiki_table;https://tropico.fandom.com/wiki/Buildings_(Tropico_6);L272-L296;0;0;;0;0;nur statische Gebäudetabelle
broadcast_tower;Sendeturm;Broadcast Tower;"aus deutscher Benennungsliste; nicht vollständig gegen aktuelle Spiel-Lokalisierungsdateien geprüft";Moderne Zeit;Unterhaltung;Festival;Ja;Nein;4800;9600;-35;;4;Hochschule;55;;;;;Pleite;Ja;3x3;;;;verified_wiki_table;https://tropico.fandom.com/wiki/Buildings_(Tropico_6);L272-L296;0;0;;0;0;nur statische Gebäudetabelle
hologram_funhouse;Hologramm-Spaßhaus;Hologram Funhouse;"aus deutscher Benennungsliste; nicht vollständig gegen aktuelle Spiel-Lokalisierungsdateien geprüft";Moderne Zeit;Unterhaltung;New Frontiers;Ja;Nein;5000;9000;-40;;4;Oberschule;55;70;24;;;Arm;;4x4;;;;verified_wiki_table;https://tropico.fandom.com/wiki/Buildings_(Tropico_6);L272-L296;0;0;;0;0;nur statische Gebäudetabelle
beach_resort;Strandresort;Beach Resort;"aus deutscher Benennungsliste; nicht vollständig gegen aktuelle Spiel-Lokalisierungsdateien geprüft";Moderne Zeit;Luxusunterhaltung;Grundspiel;Ja;Nein;2500;5000;;;4;Ungebildet;55;65;20;;;Wohlhabend;;3x3, Küste;;;;verified_wiki_table;https://tropico.fandom.com/wiki/Buildings_(Tropico_6);L298-L316;0;0;;0;0;nur statische Gebäudetabelle
hang_gliding;Drachenfliegen;Hang Gliding;"aus deutscher Benennungsliste; nicht vollständig gegen aktuelle Spiel-Lokalisierungsdateien geprüft";Moderne Zeit;Luxusunterhaltung;Grundspiel;Ja;Nein;2000;4000;;;2;Ungebildet;50;75;12;;;Wohlhabend;;4x1;;;;verified_wiki_table;https://tropico.fandom.com/wiki/Buildings_(Tropico_6);L298-L316;0;0;;0;0;nur statische Gebäudetabelle
museum_of_modern_art;Museum für moderne Kunst;Museum of Modern Art;"aus deutscher Benennungsliste; nicht vollständig gegen aktuelle Spiel-Lokalisierungsdateien geprüft";Moderne Zeit;Luxusunterhaltung;Grundspiel;Ja;Nein;8750;17500;;;4;Hochschule;75;70;20;;;Wohlhabend;;5x3;;;;verified_wiki_table;https://tropico.fandom.com/wiki/Buildings_(Tropico_6);L298-L316;0;0;;0;0;nur statische Gebäudetabelle
yacht_club;Yachtclub;Yacht Club;"aus deutscher Benennungsliste; nicht vollständig gegen aktuelle Spiel-Lokalisierungsdateien geprüft";Moderne Zeit;Luxusunterhaltung;Grundspiel;Ja;Nein;5900;11800;;;4;Ungebildet;75;95;8;;;Reich;;10x4, Küste;;;;verified_wiki_table;https://tropico.fandom.com/wiki/Buildings_(Tropico_6);L298-L316;0;0;;0;0;nur statische Gebäudetabelle
yachtlantis;Yachtlantis;Yachtlantis;"aus deutscher Benennungsliste; nicht vollständig gegen aktuelle Spiel-Lokalisierungsdateien geprüft";Moderne Zeit;Luxusunterhaltung;Tropican Shores;Ja;Nein;18000;0;;;10;Hochschule;70;100;30;;;Reich;;7x3;;;"Baukosten laut Wiki: 0 beim Baubeginn; Projektbau";verified_wiki_table;https://tropico.fandom.com/wiki/Buildings_(Tropico_6);L298-L316;0;0;;0;0;nur statische Gebäudetabelle
central_intelligence;Geheimdienstzentrale;Central Intelligence;"aus deutscher Benennungsliste; nicht vollständig gegen aktuelle Spiel-Lokalisierungsdateien geprüft";Moderne Zeit;Medien und Bildung;Caribbean Skies;Ja;Nein;3500;9500;-30;;3;Ungebildet;50;;;;;;Ja;4x5;;;;verified_wiki_table;https://tropico.fandom.com/wiki/Buildings_(Tropico_6);L318-L334;0;0;;0;0;nur statische Gebäudetabelle
airport;Flughafen;Airport;"aus deutscher Benennungsliste; nicht vollständig gegen aktuelle Spiel-Lokalisierungsdateien geprüft";Moderne Zeit;Tourismus;Grundspiel;Ja;Nein;9000;18000;-15;;6;Oberschule;65;;;;;Reich, sehr reich;;16x5;;;;verified_wiki_table;https://tropico.fandom.com/wiki/Buildings_(Tropico_6);L336-L362;0;0;;0;0;nur statische Gebäudetabelle
economy_hotel;Budgethotel;Economy Hotel;"aus deutscher Benennungsliste; nicht vollständig gegen aktuelle Spiel-Lokalisierungsdateien geprüft";Moderne Zeit;Tourismus;Grundspiel;Ja;Nein;3125;6250;-15;;6;Ungebildet;35;;18 Zimmer;;50;Wohlhabend oder besser;;4x4;;;;verified_wiki_table;https://tropico.fandom.com/wiki/Buildings_(Tropico_6);L336-L362;0;0;;0;0;nur statische Gebäudetabelle
family_resort;Familienresort;Family Resort;"aus deutscher Benennungsliste; nicht vollständig gegen aktuelle Spiel-Lokalisierungsdateien geprüft";Moderne Zeit;Tourismus;Grundspiel;Ja;Nein;1675;3350;-20;;4;Ungebildet;40;;8 Zimmer;;70;Wohlhabend oder besser;;4x3;;;;verified_wiki_table;https://tropico.fandom.com/wiki/Buildings_(Tropico_6);L336-L362;0;0;;0;0;nur statische Gebäudetabelle
luxury_hotel;Luxushotel;Luxury Hotel;"aus deutscher Benennungsliste; nicht vollständig gegen aktuelle Spiel-Lokalisierungsdateien geprüft";Moderne Zeit;Tourismus;Grundspiel;Ja;Nein;6000;12000;-40;;4;Ungebildet;50;;6 Zimmer;;80;Sehr reich;;4x3;;;;verified_wiki_table;https://tropico.fandom.com/wiki/Buildings_(Tropico_6);L336-L362;0;0;;0;0;nur statische Gebäudetabelle
skyscraper_hotel;Wolkenkratzerhotel;Skyscraper Hotel;"aus deutscher Benennungsliste; nicht vollständig gegen aktuelle Spiel-Lokalisierungsdateien geprüft";Moderne Zeit;Tourismus;Grundspiel;Ja;Nein;3525;7050;-20;;6;Ungebildet;45;;16 Zimmer;;70;Reich, sehr reich;;3x2;;;;verified_wiki_table;https://tropico.fandom.com/wiki/Buildings_(Tropico_6);L336-L362;0;0;;0;0;nur statische Gebäudetabelle
cruise_ship;Kreuzfahrtschiff;Cruise Ship;"aus deutscher Benennungsliste; nicht vollständig gegen aktuelle Spiel-Lokalisierungsdateien geprüft";Moderne Zeit;Tourismus;Grundspiel;Ja;Nein;7500;15000;;;4;Ungebildet;55;;12 Zimmer;;70;Reich, sehr reich;;7x2, Wasser;;;;verified_wiki_table;https://tropico.fandom.com/wiki/Buildings_(Tropico_6);L336-L362;0;0;;0;0;nur statische Gebäudetabelle
super_villa;Supervilla;Super Villa;"aus deutscher Benennungsliste; nicht vollständig gegen aktuelle Spiel-Lokalisierungsdateien geprüft";Moderne Zeit;Tourismus;Spitter;Ja;Nein;2000;4000;-15;;;;;;1 Zimmer / Haushalt;;90;Sehr reich;Ja;5x4;;;;verified_wiki_table;https://tropico.fandom.com/wiki/Buildings_(Tropico_6);L336-L362;0;0;;0;0;nur statische Gebäudetabelle
shopping_mall;Einkaufszentrum;Shopping Mall;"aus deutscher Benennungsliste; nicht vollständig gegen aktuelle Spiel-Lokalisierungsdateien geprüft";Moderne Zeit;Öffentliche Dienste;Grundspiel;Ja;Nein;3625;7250;-60;;8;Ungebildet;55;50 (Nahrung);40;;;Wohlhabend;Ja;4x4;;;;verified_wiki_table;https://tropico.fandom.com/wiki/Buildings_(Tropico_6);L365-L394;0;0;;0;0;nur statische Gebäudetabelle
waste_treatment_facility;Müllaufbereitungsanlage;Waste Treatment Facility;"aus deutscher Benennungsliste; nicht vollständig gegen aktuelle Spiel-Lokalisierungsdateien geprüft";Moderne Zeit;Öffentliche Dienste;Grundspiel;Ja;Nein;4000;8000;;;4;Oberschule;40;;;;;;Ja;4x4;;;;verified_wiki_table;https://tropico.fandom.com/wiki/Buildings_(Tropico_6);L365-L394;0;0;;0;0;nur statische Gebäudetabelle
rehab_center;Rehabilitationszentrum;Rehab Center;"aus deutscher Benennungsliste; nicht vollständig gegen aktuelle Spiel-Lokalisierungsdateien geprüft";Moderne Zeit;Öffentliche Dienste;Spitter;Ja;Nein;4250;8500;-10;;5;Hochschule;70;"90 (Gesundheit; Touristen: Spaß)";25;;;Reich;Ja;3x3;;;;verified_wiki_table;https://tropico.fandom.com/wiki/Buildings_(Tropico_6);L365-L394;0;0;;0;0;nur statische Gebäudetabelle
beauty_farm;Schönheitsfarm;Beauty Farm;"aus deutscher Benennungsliste; nicht vollständig gegen aktuelle Spiel-Lokalisierungsdateien geprüft";Moderne Zeit;Öffentliche Dienste;Spitter;Ja;Nein;4500;9000;-15;;5;Oberschule;70;"85 (Glaube; Touristen: Spaß)";25;;;Reich;Ja;3x3;;;;verified_wiki_table;https://tropico.fandom.com/wiki/Buildings_(Tropico_6);L365-L394;0;0;;0;0;nur statische Gebäudetabelle
drone_to_home_delivery;Drohnen-Hauslieferung;Drone to Home Delivery;"aus deutscher Benennungsliste; nicht vollständig gegen aktuelle Spiel-Lokalisierungsdateien geprüft";Moderne Zeit;Öffentliche Dienste;Caribbean Skies;Ja;Nein;6000;12000;-30;;6;Ungebildet;50;40 (Nahrung);;;;;Ja;3x3;;;;verified_wiki_table;https://tropico.fandom.com/wiki/Buildings_(Tropico_6);L365-L394;0;0;;0;0;nur statische Gebäudetabelle
colossal_hospital;Kolossales Krankenhaus;Colossal Hospital;"aus deutscher Benennungsliste; nicht vollständig gegen aktuelle Spiel-Lokalisierungsdateien geprüft";Moderne Zeit;Öffentliche Dienste;Going Viral;Ja;Nein;2000;10000;-50;;8;Hochschule;60;85 (Gesundheit);56;;;Wohlhabend;Ja;6x5;;;;verified_wiki_table;https://tropico.fandom.com/wiki/Buildings_(Tropico_6);L365-L394;0;0;;0;0;nur statische Gebäudetabelle
dolphin_therapy;Delfintherapie;Dolphin Therapy;"aus deutscher Benennungsliste; nicht vollständig gegen aktuelle Spiel-Lokalisierungsdateien geprüft";Moderne Zeit;Öffentliche Dienste;Tropican Shores;Ja;Nein;5000;10000;-28;;6;Oberschule;75;85 (Gesundheit);18;;;Wohlhabend;Nein;9x5, Küste;;;;verified_wiki_table;https://tropico.fandom.com/wiki/Buildings_(Tropico_6);L365-L394;0;0;;0;0;nur statische Gebäudetabelle
marine_clean_up_station;Meeresreinigungsstation;Marine Clean-up Station;"aus deutscher Benennungsliste; nicht vollständig gegen aktuelle Spiel-Lokalisierungsdateien geprüft";Moderne Zeit;Öffentliche Dienste;Tropican Shores;Ja;Nein;5000;10000;;;6;Oberschule;40;;;;;;Nein;5x4, Wasser;;;;verified_wiki_table;https://tropico.fandom.com/wiki/Buildings_(Tropico_6);L365-L394;0;0;;0;0;nur statische Gebäudetabelle
overwatchtower;Überwachungsturm;Overwatchtower;"aus deutscher Benennungsliste; nicht vollständig gegen aktuelle Spiel-Lokalisierungsdateien geprüft";Moderne Zeit;Überfälle und Militär;Grundspiel;Ja;Nein;800;900;;;5;Ungebildet;60;;;;;;Nein;1x1;;;;verified_wiki_table;https://tropico.fandom.com/wiki/Buildings_(Tropico_6);L396-L417;0;0;;0;0;nur statische Gebäudetabelle
defense_hq;Verteidigungshauptquartier;Defense HQ;"aus deutscher Benennungsliste; nicht vollständig gegen aktuelle Spiel-Lokalisierungsdateien geprüft";Moderne Zeit;Überfälle und Militär;Grundspiel;Ja;Nein;10000;20000;;;5;Hochschule;75;;;;;;Nein;6x6;;;;verified_wiki_table;https://tropico.fandom.com/wiki/Buildings_(Tropico_6);L396-L417;0;0;;0;0;nur statische Gebäudetabelle
drone_command;Drohnenkommando;Drone Command;"aus deutscher Benennungsliste; nicht vollständig gegen aktuelle Spiel-Lokalisierungsdateien geprüft";Moderne Zeit;Überfälle und Militär;Grundspiel;Ja;Nein;6000;12000;-50;;4;Oberschule;75;;;;;;Nein;6x4;;;;verified_wiki_table;https://tropico.fandom.com/wiki/Buildings_(Tropico_6);L396-L417;0;0;;0;0;nur statische Gebäudetabelle
cyber_operations_center;Cyberoperationszentrum;Cyber Operations Center;"aus deutscher Benennungsliste; nicht vollständig gegen aktuelle Spiel-Lokalisierungsdateien geprüft";Moderne Zeit;Überfälle und Militär;Grundspiel;Ja;Nein;9000;18000;-150;;4;Hochschule;80;;;;;;Ja;4x4;;;;verified_wiki_table;https://tropico.fandom.com/wiki/Buildings_(Tropico_6);L396-L417;0;0;;0;0;nur statische Gebäudetabelle
police_blimp;Polizeizeppelin;Police Blimp;"aus deutscher Benennungsliste; nicht vollständig gegen aktuelle Spiel-Lokalisierungsdateien geprüft";Moderne Zeit;Regierung und Finanzen;Grundspiel;Ja;Nein;7000;14000;;;4;Oberschule;70;;;;;;Nein;4x2;;;;verified_wiki_table;https://tropico.fandom.com/wiki/Buildings_(Tropico_6);L419-L437;0;0;;0;0;nur statische Gebäudetabelle
tropocoin_farm;Tropocoin-Farm;Tropocoin Farm;"aus deutscher Benennungsliste; nicht vollständig gegen aktuelle Spiel-Lokalisierungsdateien geprüft";Moderne Zeit;Regierung und Finanzen;Grundspiel;Ja;Nein;10000;20000;;;4;Hochschule;55;;;;;;Nein;4x3;;;;verified_wiki_table;https://tropico.fandom.com/wiki/Buildings_(Tropico_6);L419-L437;0;0;;0;0;nur statische Gebäudetabelle
office;Bürogebäude;Office;"aus deutscher Benennungsliste; nicht vollständig gegen aktuelle Spiel-Lokalisierungsdateien geprüft";Moderne Zeit;Regierung und Finanzen;Grundspiel;Ja;Nein;4500;9000;-15;;5;Hochschule;70;;;;;;Nein;3x2;;;;verified_wiki_table;https://tropico.fandom.com/wiki/Buildings_(Tropico_6);L419-L437;0;0;;0;0;nur statische Gebäudetabelle
off_shore_office;Offshore-Büro;Off-shore Office;"aus deutscher Benennungsliste; nicht vollständig gegen aktuelle Spiel-Lokalisierungsdateien geprüft";Moderne Zeit;Regierung und Finanzen;Grundspiel;Ja;Nein;6000;12000;;;;;;;;;;;Nein;5x3, Wasser;;;;verified_wiki_table;https://tropico.fandom.com/wiki/Buildings_(Tropico_6);L419-L437;0;0;;0;0;nur statische Gebäudetabelle
